You are using YYP Maker v1.1.5, released in 14-08-2022



[05-01-2026 09:29:27] Initialized GameMaker Project: RoboBitch.yyp
[05-01-2026 09:29:27] Found datafile: Stacked pixel.ttf
[05-01-2026 09:29:27] Found datafile: phone.webp
[05-01-2026 09:29:27] Found datafile: pausemenu.png
[05-01-2026 09:29:27] Found datafile: Nersans Three.otf
[05-01-2026 09:29:27] Found datafile: menu_new2.webp
[05-01-2026 09:29:27] Found datafile: main_menu_3.png
[05-01-2026 09:29:27] Found datafile: mainhallhaze.webp
[05-01-2026 09:29:27] Found datafile: mainhallhaze.png
[05-01-2026 09:29:27] Found datafile: Girl what are you smoking.m4a
[05-01-2026 09:29:27] Found datafile: dialogue_new_frame.webp
[05-01-2026 09:29:27] Found datafile: dialogue_new.webp
[05-01-2026 09:29:27] Found datafile: DenizMariadialogueBG.png
[05-01-2026 09:29:27] Found datafile: checkmark.webp
[05-01-2026 09:29:27] Found datafile: captcha_second.webp
[05-01-2026 09:29:27] Found datafile: captcha_first.webp
[05-01-2026 09:29:27] Found datafile: busser.png
[05-01-2026 09:29:27] Found datafile: background.webp
[05-01-2026 09:29:27] Current parent directory: C:/Users/silvi/GameMakerProjects/RoboBitch/animcurves
[05-01-2026 09:29:27] Current parent directory: C:/Users/silvi/GameMakerProjects/RoboBitch/extensions
[05-01-2026 09:29:27] Current parent directory: C:/Users/silvi/GameMakerProjects/RoboBitch/fonts
[05-01-2026 09:29:27] Checking fnt_NersansThree
[05-01-2026 09:29:27] Directory: C:/Users/silvi/GameMakerProjects/RoboBitch/fonts/fnt_NersansThree
[05-01-2026 09:29:27] Checking DEPfnt_MeatMadness
[05-01-2026 09:29:27] Directory: C:/Users/silvi/GameMakerProjects/RoboBitch/fonts/DEPfnt_MeatMadness
[05-01-2026 09:29:27] Current parent directory: C:/Users/silvi/GameMakerProjects/RoboBitch/fonts/DEPfnt_MeatMadness
[05-01-2026 09:29:27] Checking Font1.old.yy
[05-01-2026 09:29:27] Trash file: Font1.old.yy, will be moved to ___yyp_maker_trash
[05-01-2026 09:29:27] Checking Font1.old.png
[05-01-2026 09:29:27] Checking fnt_MeatMadness.old.yy
[05-01-2026 09:29:27] Trash file: fnt_MeatMadness.old.yy, will be moved to ___yyp_maker_trash
[05-01-2026 09:29:27] Checking fnt_MeatMadness.old.png
[05-01-2026 09:29:27] Checking DEPfnt_MeatMadness.yy
[05-01-2026 09:29:27] Parsing C:/Users/silvi/GameMakerProjects/RoboBitch/fonts/DEPfnt_MeatMadness/DEPfnt_MeatMadness.yy
[05-01-2026 09:29:27] Reading C:/Users/silvi/GameMakerProjects/RoboBitch/fonts/DEPfnt_MeatMadness/DEPfnt_MeatMadness.yy
[05-01-2026 09:29:27] Par: "folders/Deprecated" at dir: "C:/Users/silvi/GameMakerProjects/RoboBitch/fonts/DEPfnt_MeatMadness/DEPfnt_MeatMadness.yy"
[05-01-2026 09:29:27] Found Font: DEPfnt_MeatMadness
[05-01-2026 09:29:27] Checking DEPfnt_MeatMadness.png
[05-01-2026 09:29:27] Checking DEPfnt_MeatMadness.old.yy
[05-01-2026 09:29:27] Trash file: DEPfnt_MeatMadness.old.yy, will be moved to ___yyp_maker_trash
[05-01-2026 09:29:27] Checking DEPfnt_MeatMadness.old.png
[05-01-2026 09:29:27] Current parent directory: C:/Users/silvi/GameMakerProjects/RoboBitch/fonts/fnt_NersansThree
[05-01-2026 09:29:27] Checking Nersans Three.otf
[05-01-2026 09:29:27] Checking Font2.old.yy
[05-01-2026 09:29:27] Trash file: Font2.old.yy, will be moved to ___yyp_maker_trash
[05-01-2026 09:29:27] Checking Font2.old.png
[05-01-2026 09:29:27] Checking fnt_NersansThree.yy
[05-01-2026 09:29:27] Parsing C:/Users/silvi/GameMakerProjects/RoboBitch/fonts/fnt_NersansThree/fnt_NersansThree.yy
[05-01-2026 09:29:27] Reading C:/Users/silvi/GameMakerProjects/RoboBitch/fonts/fnt_NersansThree/fnt_NersansThree.yy
[05-01-2026 09:29:27] Par: "folders/Fonts" at dir: "C:/Users/silvi/GameMakerProjects/RoboBitch/fonts/fnt_NersansThree/fnt_NersansThree.yy"
[05-01-2026 09:29:27] Found Font: fnt_NersansThree
[05-01-2026 09:29:27] Checking fnt_NersansThree.png
[05-01-2026 09:29:27] Checking fnt_NersansThree.old.yy
[05-01-2026 09:29:27] Trash file: fnt_NersansThree.old.yy, will be moved to ___yyp_maker_trash
[05-01-2026 09:29:27] Checking fnt_NersansThree.old.png
[05-01-2026 09:29:27] Checking fnt_NeresansThree.old.yy
[05-01-2026 09:29:27] Trash file: fnt_NeresansThree.old.yy, will be moved to ___yyp_maker_trash
[05-01-2026 09:29:27] Checking fnt_NeresansThree.old.png
[05-01-2026 09:29:27] Checking fnt_.old.yy
[05-01-2026 09:29:27] Trash file: fnt_.old.yy, will be moved to ___yyp_maker_trash
[05-01-2026 09:29:27] Checking fnt_.old.png
[05-01-2026 09:29:27] Current parent directory: C:/Users/silvi/GameMakerProjects/RoboBitch/notes
[05-01-2026 09:29:27] Current parent directory: C:/Users/silvi/GameMakerProjects/RoboBitch/objects
[05-01-2026 09:29:27] Checking obj_Tick
[05-01-2026 09:29:27] Directory: C:/Users/silvi/GameMakerProjects/RoboBitch/objects/obj_Tick
[05-01-2026 09:29:27] Checking obj_SliderKnob
[05-01-2026 09:29:27] Directory: C:/Users/silvi/GameMakerProjects/RoboBitch/objects/obj_SliderKnob
[05-01-2026 09:29:27] Checking obj_SliderBar
[05-01-2026 09:29:27] Directory: C:/Users/silvi/GameMakerProjects/RoboBitch/objects/obj_SliderBar
[05-01-2026 09:29:27] Checking obj_RoomSwitcher
[05-01-2026 09:29:27] Directory: C:/Users/silvi/GameMakerProjects/RoboBitch/objects/obj_RoomSwitcher
[05-01-2026 09:29:27] Checking obj_RoomInfoParent
[05-01-2026 09:29:27] Directory: C:/Users/silvi/GameMakerProjects/RoboBitch/objects/obj_RoomInfoParent
[05-01-2026 09:29:27] Checking obj_RoomInfoOutside
[05-01-2026 09:29:27] Directory: C:/Users/silvi/GameMakerProjects/RoboBitch/objects/obj_RoomInfoOutside
[05-01-2026 09:29:27] Checking obj_RoomInfoInside
[05-01-2026 09:29:27] Directory: C:/Users/silvi/GameMakerProjects/RoboBitch/objects/obj_RoomInfoInside
[05-01-2026 09:29:27] Checking obj_Player
[05-01-2026 09:29:27] Directory: C:/Users/silvi/GameMakerProjects/RoboBitch/objects/obj_Player
[05-01-2026 09:29:27] Checking obj_OVCardReader
[05-01-2026 09:29:27] Directory: C:/Users/silvi/GameMakerProjects/RoboBitch/objects/obj_OVCardReader
[05-01-2026 09:29:27] Checking obj_OVCard
[05-01-2026 09:29:27] Directory: C:/Users/silvi/GameMakerProjects/RoboBitch/objects/obj_OVCard
[05-01-2026 09:29:27] Checking obj_GameController
[05-01-2026 09:29:27] Directory: C:/Users/silvi/GameMakerProjects/RoboBitch/objects/obj_GameController
[05-01-2026 09:29:27] Checking obj_DialogueParent
[05-01-2026 09:29:27] Directory: C:/Users/silvi/GameMakerProjects/RoboBitch/objects/obj_DialogueParent
[05-01-2026 09:29:27] Checking obj_DialogueButton
[05-01-2026 09:29:27] Directory: C:/Users/silvi/GameMakerProjects/RoboBitch/objects/obj_DialogueButton
[05-01-2026 09:29:27] Checking obj_DialogSampleA
[05-01-2026 09:29:27] Directory: C:/Users/silvi/GameMakerProjects/RoboBitch/objects/obj_DialogSampleA
[05-01-2026 09:29:27] Checking obj_DialogMicheal
[05-01-2026 09:29:27] Directory: C:/Users/silvi/GameMakerProjects/RoboBitch/objects/obj_DialogMicheal
[05-01-2026 09:29:27] Checking obj_DialogMariaDeniz
[05-01-2026 09:29:27] Directory: C:/Users/silvi/GameMakerProjects/RoboBitch/objects/obj_DialogMariaDeniz
[05-01-2026 09:29:27] Checking obj_CustsceneController
[05-01-2026 09:29:27] Directory: C:/Users/silvi/GameMakerProjects/RoboBitch/objects/obj_CustsceneController
[05-01-2026 09:29:27] Checking obj_CoffeeDropper
[05-01-2026 09:29:27] Directory: C:/Users/silvi/GameMakerProjects/RoboBitch/objects/obj_CoffeeDropper
[05-01-2026 09:29:27] Checking obj_Coffee
[05-01-2026 09:29:27] Directory: C:/Users/silvi/GameMakerProjects/RoboBitch/objects/obj_Coffee
[05-01-2026 09:29:27] Checking obj_Checkbox
[05-01-2026 09:29:27] Directory: C:/Users/silvi/GameMakerProjects/RoboBitch/objects/obj_Checkbox
[05-01-2026 09:29:27] Checking obj_Camera
[05-01-2026 09:29:27] Directory: C:/Users/silvi/GameMakerProjects/RoboBitch/objects/obj_Camera
[05-01-2026 09:29:27] Checking obj_BUtton
[05-01-2026 09:29:27] Directory: C:/Users/silvi/GameMakerProjects/RoboBitch/objects/obj_BUtton
[05-01-2026 09:29:27] Checking DEPMenu
[05-01-2026 09:29:27] Directory: C:/Users/silvi/GameMakerProjects/RoboBitch/objects/DEPMenu
[05-01-2026 09:29:27] Checking cm_Plant
[05-01-2026 09:29:27] Directory: C:/Users/silvi/GameMakerProjects/RoboBitch/objects/cm_Plant
[05-01-2026 09:29:27] Checking cm_Outside
[05-01-2026 09:29:27] Directory: C:/Users/silvi/GameMakerProjects/RoboBitch/objects/cm_Outside
[05-01-2026 09:29:27] Checking cm_MainHall
[05-01-2026 09:29:27] Directory: C:/Users/silvi/GameMakerProjects/RoboBitch/objects/cm_MainHall
[05-01-2026 09:29:27] Checking cm_BusStop
[05-01-2026 09:29:27] Directory: C:/Users/silvi/GameMakerProjects/RoboBitch/objects/cm_BusStop
[05-01-2026 09:29:27] Checking cm_Bakerspace
[05-01-2026 09:29:27] Directory: C:/Users/silvi/GameMakerProjects/RoboBitch/objects/cm_Bakerspace
[05-01-2026 09:29:27] Checking cm_Appie
[05-01-2026 09:29:27] Directory: C:/Users/silvi/GameMakerProjects/RoboBitch/objects/cm_Appie
[05-01-2026 09:29:27] Checking BaseCollisionMaskObj
[05-01-2026 09:29:27] Directory: C:/Users/silvi/GameMakerProjects/RoboBitch/objects/BaseCollisionMaskObj
[05-01-2026 09:29:27] Current parent directory: C:/Users/silvi/GameMakerProjects/RoboBitch/objects/BaseCollisionMaskObj
[05-01-2026 09:29:27] Checking Create_0.gml
[05-01-2026 09:29:27] Checking BaseCollisionMaskObj.yy
[05-01-2026 09:29:27] Parsing C:/Users/silvi/GameMakerProjects/RoboBitch/objects/BaseCollisionMaskObj/BaseCollisionMaskObj.yy
[05-01-2026 09:29:27] Reading C:/Users/silvi/GameMakerProjects/RoboBitch/objects/BaseCollisionMaskObj/BaseCollisionMaskObj.yy
[05-01-2026 09:29:27] Par: "folders/Objects/Collision Masks" at dir: "C:/Users/silvi/GameMakerProjects/RoboBitch/objects/BaseCollisionMaskObj/BaseCollisionMaskObj.yy"
[05-01-2026 09:29:27] Found Object: BaseCollisionMaskObj
[05-01-2026 09:29:27] Current parent directory: C:/Users/silvi/GameMakerProjects/RoboBitch/objects/cm_Appie
[05-01-2026 09:29:27] Checking cm_Appie.yy
[05-01-2026 09:29:27] Parsing C:/Users/silvi/GameMakerProjects/RoboBitch/objects/cm_Appie/cm_Appie.yy
[05-01-2026 09:29:27] Reading C:/Users/silvi/GameMakerProjects/RoboBitch/objects/cm_Appie/cm_Appie.yy
[05-01-2026 09:29:27] Par: "folders/Objects/Collision Masks" at dir: "C:/Users/silvi/GameMakerProjects/RoboBitch/objects/cm_Appie/cm_Appie.yy"
[05-01-2026 09:29:27] Found Object: cm_Appie
[05-01-2026 09:29:27] Current parent directory: C:/Users/silvi/GameMakerProjects/RoboBitch/objects/cm_Bakerspace
[05-01-2026 09:29:27] Checking cm_Bakerspace.yy
[05-01-2026 09:29:27] Parsing C:/Users/silvi/GameMakerProjects/RoboBitch/objects/cm_Bakerspace/cm_Bakerspace.yy
[05-01-2026 09:29:28] Reading C:/Users/silvi/GameMakerProjects/RoboBitch/objects/cm_Bakerspace/cm_Bakerspace.yy
[05-01-2026 09:29:28] Par: "folders/Objects/Collision Masks" at dir: "C:/Users/silvi/GameMakerProjects/RoboBitch/objects/cm_Bakerspace/cm_Bakerspace.yy"
[05-01-2026 09:29:28] Found Object: cm_Bakerspace
[05-01-2026 09:29:28] Current parent directory: C:/Users/silvi/GameMakerProjects/RoboBitch/objects/cm_BusStop
[05-01-2026 09:29:28] Checking cm_BusStop.yy
[05-01-2026 09:29:28] Parsing C:/Users/silvi/GameMakerProjects/RoboBitch/objects/cm_BusStop/cm_BusStop.yy
[05-01-2026 09:29:28] Reading C:/Users/silvi/GameMakerProjects/RoboBitch/objects/cm_BusStop/cm_BusStop.yy
[05-01-2026 09:29:28] Par: "folders/Objects/Collision Masks" at dir: "C:/Users/silvi/GameMakerProjects/RoboBitch/objects/cm_BusStop/cm_BusStop.yy"
[05-01-2026 09:29:28] Found Object: cm_BusStop
[05-01-2026 09:29:28] Current parent directory: C:/Users/silvi/GameMakerProjects/RoboBitch/objects/cm_MainHall
[05-01-2026 09:29:28] Checking cm_MainHall.yy
[05-01-2026 09:29:28] Parsing C:/Users/silvi/GameMakerProjects/RoboBitch/objects/cm_MainHall/cm_MainHall.yy
[05-01-2026 09:29:28] Reading C:/Users/silvi/GameMakerProjects/RoboBitch/objects/cm_MainHall/cm_MainHall.yy
[05-01-2026 09:29:28] Par: "folders/Objects/Collision Masks" at dir: "C:/Users/silvi/GameMakerProjects/RoboBitch/objects/cm_MainHall/cm_MainHall.yy"
[05-01-2026 09:29:28] Found Object: cm_MainHall
[05-01-2026 09:29:28] Current parent directory: C:/Users/silvi/GameMakerProjects/RoboBitch/objects/cm_Outside
[05-01-2026 09:29:28] Checking cm_Outside.yy
[05-01-2026 09:29:28] Parsing C:/Users/silvi/GameMakerProjects/RoboBitch/objects/cm_Outside/cm_Outside.yy
[05-01-2026 09:29:28] Reading C:/Users/silvi/GameMakerProjects/RoboBitch/objects/cm_Outside/cm_Outside.yy
[05-01-2026 09:29:28] Par: "folders/Objects/Collision Masks" at dir: "C:/Users/silvi/GameMakerProjects/RoboBitch/objects/cm_Outside/cm_Outside.yy"
[05-01-2026 09:29:28] Found Object: cm_Outside
[05-01-2026 09:29:28] Current parent directory: C:/Users/silvi/GameMakerProjects/RoboBitch/objects/cm_Plant
[05-01-2026 09:29:28] Checking cm_Plant.yy
[05-01-2026 09:29:28] Parsing C:/Users/silvi/GameMakerProjects/RoboBitch/objects/cm_Plant/cm_Plant.yy
[05-01-2026 09:29:28] Reading C:/Users/silvi/GameMakerProjects/RoboBitch/objects/cm_Plant/cm_Plant.yy
[05-01-2026 09:29:28] Par: "folders/Objects/Collision Masks" at dir: "C:/Users/silvi/GameMakerProjects/RoboBitch/objects/cm_Plant/cm_Plant.yy"
[05-01-2026 09:29:28] Found Object: cm_Plant
[05-01-2026 09:29:28] Current parent directory: C:/Users/silvi/GameMakerProjects/RoboBitch/objects/DEPMenu
[05-01-2026 09:29:28] Checking Step_0.gml
[05-01-2026 09:29:28] Checking Draw_0.gml
[05-01-2026 09:29:28] Checking DEPMenu.yy
[05-01-2026 09:29:28] Parsing C:/Users/silvi/GameMakerProjects/RoboBitch/objects/DEPMenu/DEPMenu.yy
[05-01-2026 09:29:28] Reading C:/Users/silvi/GameMakerProjects/RoboBitch/objects/DEPMenu/DEPMenu.yy
[05-01-2026 09:29:28] Par: "folders/Deprecated" at dir: "C:/Users/silvi/GameMakerProjects/RoboBitch/objects/DEPMenu/DEPMenu.yy"
[05-01-2026 09:29:28] Found Object: DEPMenu
[05-01-2026 09:29:28] Checking Create_0.gml
[05-01-2026 09:29:28] Current parent directory: C:/Users/silvi/GameMakerProjects/RoboBitch/objects/obj_BUtton
[05-01-2026 09:29:28] Checking obj_BUtton.yy
[05-01-2026 09:29:28] Parsing C:/Users/silvi/GameMakerProjects/RoboBitch/objects/obj_BUtton/obj_BUtton.yy
[05-01-2026 09:29:28] Reading C:/Users/silvi/GameMakerProjects/RoboBitch/objects/obj_BUtton/obj_BUtton.yy
[05-01-2026 09:29:28] Par: "folders/Objects/UI" at dir: "C:/Users/silvi/GameMakerProjects/RoboBitch/objects/obj_BUtton/obj_BUtton.yy"
[05-01-2026 09:29:28] Found Object: obj_Button
[05-01-2026 09:29:28] Checking Mouse_7.gml
[05-01-2026 09:29:28] Checking Mouse_4.gml
[05-01-2026 09:29:28] Checking Mouse_11.gml
[05-01-2026 09:29:28] Checking Mouse_10.gml
[05-01-2026 09:29:28] Checking Create_0.gml
[05-01-2026 09:29:28] Current parent directory: C:/Users/silvi/GameMakerProjects/RoboBitch/objects/obj_Camera
[05-01-2026 09:29:28] Checking Step_0.gml
[05-01-2026 09:29:28] Checking obj_Camera.yy
[05-01-2026 09:29:28] Parsing C:/Users/silvi/GameMakerProjects/RoboBitch/objects/obj_Camera/obj_Camera.yy
[05-01-2026 09:29:28] Reading C:/Users/silvi/GameMakerProjects/RoboBitch/objects/obj_Camera/obj_Camera.yy
[05-01-2026 09:29:28] Par: "folders/Objects/Systems" at dir: "C:/Users/silvi/GameMakerProjects/RoboBitch/objects/obj_Camera/obj_Camera.yy"
[05-01-2026 09:29:28] Found Object: obj_Camera
[05-01-2026 09:29:28] Checking Create_0.gml
[05-01-2026 09:29:28] Current parent directory: C:/Users/silvi/GameMakerProjects/RoboBitch/objects/obj_Checkbox
[05-01-2026 09:29:28] Checking obj_Checkbox.yy
[05-01-2026 09:29:28] Parsing C:/Users/silvi/GameMakerProjects/RoboBitch/objects/obj_Checkbox/obj_Checkbox.yy
[05-01-2026 09:29:28] Reading C:/Users/silvi/GameMakerProjects/RoboBitch/objects/obj_Checkbox/obj_Checkbox.yy
[05-01-2026 09:29:28] Par: "folders/Objects/UI" at dir: "C:/Users/silvi/GameMakerProjects/RoboBitch/objects/obj_Checkbox/obj_Checkbox.yy"
[05-01-2026 09:29:28] Found Object: obj_Checkbox
[05-01-2026 09:29:28] Checking Mouse_7.gml
[05-01-2026 09:29:28] Checking Create_0.gml
[05-01-2026 09:29:28] Current parent directory: C:/Users/silvi/GameMakerProjects/RoboBitch/objects/obj_Coffee
[05-01-2026 09:29:28] Checking obj_Coffee.yy
[05-01-2026 09:29:28] Parsing C:/Users/silvi/GameMakerProjects/RoboBitch/objects/obj_Coffee/obj_Coffee.yy
[05-01-2026 09:29:28] Reading C:/Users/silvi/GameMakerProjects/RoboBitch/objects/obj_Coffee/obj_Coffee.yy
[05-01-2026 09:29:28] Par: "folders/Objects" at dir: "C:/Users/silvi/GameMakerProjects/RoboBitch/objects/obj_Coffee/obj_Coffee.yy"
[05-01-2026 09:29:28] Found Object: obj_Coffee
[05-01-2026 09:29:28] Current parent directory: C:/Users/silvi/GameMakerProjects/RoboBitch/objects/obj_CoffeeDropper
[05-01-2026 09:29:28] Checking obj_CoffeeDropper.yy
[05-01-2026 09:29:28] Parsing C:/Users/silvi/GameMakerProjects/RoboBitch/objects/obj_CoffeeDropper/obj_CoffeeDropper.yy
[05-01-2026 09:29:28] Reading C:/Users/silvi/GameMakerProjects/RoboBitch/objects/obj_CoffeeDropper/obj_CoffeeDropper.yy
[05-01-2026 09:29:28] Par: "folders/Objects" at dir: "C:/Users/silvi/GameMakerProjects/RoboBitch/objects/obj_CoffeeDropper/obj_CoffeeDropper.yy"
[05-01-2026 09:29:28] Found Object: obj_CoffeeDropper
[05-01-2026 09:29:28] Checking Create_0.gml
[05-01-2026 09:29:28] Current parent directory: C:/Users/silvi/GameMakerProjects/RoboBitch/objects/obj_CustsceneController
[05-01-2026 09:29:28] Checking Step_0.gml
[05-01-2026 09:29:28] Checking obj_CustsceneController.yy
[05-01-2026 09:29:28] Parsing C:/Users/silvi/GameMakerProjects/RoboBitch/objects/obj_CustsceneController/obj_CustsceneController.yy
[05-01-2026 09:29:28] Reading C:/Users/silvi/GameMakerProjects/RoboBitch/objects/obj_CustsceneController/obj_CustsceneController.yy
[05-01-2026 09:29:28] Par: "folders/Objects/Systems" at dir: "C:/Users/silvi/GameMakerProjects/RoboBitch/objects/obj_CustsceneController/obj_CustsceneController.yy"
[05-01-2026 09:29:28] Found Object: obj_CustsceneController
[05-01-2026 09:29:28] Checking Create_0.gml
[05-01-2026 09:29:28] Current parent directory: C:/Users/silvi/GameMakerProjects/RoboBitch/objects/obj_DialogMariaDeniz
[05-01-2026 09:29:28] Checking Step_0.gml
[05-01-2026 09:29:28] Checking obj_DialogMariaDeniz.yy
[05-01-2026 09:29:28] Parsing C:/Users/silvi/GameMakerProjects/RoboBitch/objects/obj_DialogMariaDeniz/obj_DialogMariaDeniz.yy
[05-01-2026 09:29:28] Reading C:/Users/silvi/GameMakerProjects/RoboBitch/objects/obj_DialogMariaDeniz/obj_DialogMariaDeniz.yy
[05-01-2026 09:29:28] Par: "folders/Objects/Dialogs" at dir: "C:/Users/silvi/GameMakerProjects/RoboBitch/objects/obj_DialogMariaDeniz/obj_DialogMariaDeniz.yy"
[05-01-2026 09:29:28] Found Object: obj_DialogMariaDeniz
[05-01-2026 09:29:28] Checking Draw_64.gml
[05-01-2026 09:29:28] Checking Create_0.gml
[05-01-2026 09:29:28] Current parent directory: C:/Users/silvi/GameMakerProjects/RoboBitch/objects/obj_DialogMicheal
[05-01-2026 09:29:28] Checking Step_0.gml
[05-01-2026 09:29:28] Checking obj_DialogMicheal.yy
[05-01-2026 09:29:28] Parsing C:/Users/silvi/GameMakerProjects/RoboBitch/objects/obj_DialogMicheal/obj_DialogMicheal.yy
[05-01-2026 09:29:28] Reading C:/Users/silvi/GameMakerProjects/RoboBitch/objects/obj_DialogMicheal/obj_DialogMicheal.yy
[05-01-2026 09:29:28] Par: "folders/Objects/Dialogs" at dir: "C:/Users/silvi/GameMakerProjects/RoboBitch/objects/obj_DialogMicheal/obj_DialogMicheal.yy"
[05-01-2026 09:29:28] Found Object: obj_DialogMicheal
[05-01-2026 09:29:28] Checking Draw_64.gml
[05-01-2026 09:29:28] Checking Create_0.gml
[05-01-2026 09:29:28] Current parent directory: C:/Users/silvi/GameMakerProjects/RoboBitch/objects/obj_DialogSampleA
[05-01-2026 09:29:28] Checking Step_0.gml
[05-01-2026 09:29:28] Checking obj_DialogSampleA.yy
[05-01-2026 09:29:28] Parsing C:/Users/silvi/GameMakerProjects/RoboBitch/objects/obj_DialogSampleA/obj_DialogSampleA.yy
[05-01-2026 09:29:28] Reading C:/Users/silvi/GameMakerProjects/RoboBitch/objects/obj_DialogSampleA/obj_DialogSampleA.yy
[05-01-2026 09:29:28] Par: "folders/Objects/Dialogs" at dir: "C:/Users/silvi/GameMakerProjects/RoboBitch/objects/obj_DialogSampleA/obj_DialogSampleA.yy"
[05-01-2026 09:29:28] Found Object: obj_DialogSampleA
[05-01-2026 09:29:28] Checking Draw_64.gml
[05-01-2026 09:29:28] Checking Create_0.gml
[05-01-2026 09:29:28] Current parent directory: C:/Users/silvi/GameMakerProjects/RoboBitch/objects/obj_DialogueButton
[05-01-2026 09:29:28] Checking Step_0.gml
[05-01-2026 09:29:28] Checking obj_DialogueButton.yy
[05-01-2026 09:29:28] Parsing C:/Users/silvi/GameMakerProjects/RoboBitch/objects/obj_DialogueButton/obj_DialogueButton.yy
[05-01-2026 09:29:28] Reading C:/Users/silvi/GameMakerProjects/RoboBitch/objects/obj_DialogueButton/obj_DialogueButton.yy
[05-01-2026 09:29:28] Par: "folders/Objects/UI" at dir: "C:/Users/silvi/GameMakerProjects/RoboBitch/objects/obj_DialogueButton/obj_DialogueButton.yy"
[05-01-2026 09:29:28] Found Object: obj_DialogueButton
[05-01-2026 09:29:28] Checking Mouse_4.gml
[05-01-2026 09:29:28] Checking Mouse_11.gml
[05-01-2026 09:29:28] Checking Mouse_10.gml
[05-01-2026 09:29:28] Checking Create_0.gml
[05-01-2026 09:29:28] Current parent directory: C:/Users/silvi/GameMakerProjects/RoboBitch/objects/obj_DialogueParent
[05-01-2026 09:29:28] Checking Step_0.gml
[05-01-2026 09:29:28] Checking obj_DialogueParent.yy
[05-01-2026 09:29:28] Parsing C:/Users/silvi/GameMakerProjects/RoboBitch/objects/obj_DialogueParent/obj_DialogueParent.yy
[05-01-2026 09:29:28] Reading C:/Users/silvi/GameMakerProjects/RoboBitch/objects/obj_DialogueParent/obj_DialogueParent.yy
[05-01-2026 09:29:28] Par: "folders/Objects/Systems" at dir: "C:/Users/silvi/GameMakerProjects/RoboBitch/objects/obj_DialogueParent/obj_DialogueParent.yy"
[05-01-2026 09:29:28] Found Object: obj_DialogueParent
[05-01-2026 09:29:28] Checking Draw_64.gml
[05-01-2026 09:29:28] Checking Create_0.gml
[05-01-2026 09:29:28] Current parent directory: C:/Users/silvi/GameMakerProjects/RoboBitch/objects/obj_GameController
[05-01-2026 09:29:28] Checking Step_0.gml
[05-01-2026 09:29:28] Checking Other_76.gml
[05-01-2026 09:29:28] Checking obj_GameController.yy
[05-01-2026 09:29:28] Parsing C:/Users/silvi/GameMakerProjects/RoboBitch/objects/obj_GameController/obj_GameController.yy
[05-01-2026 09:29:28] Reading C:/Users/silvi/GameMakerProjects/RoboBitch/objects/obj_GameController/obj_GameController.yy
[05-01-2026 09:29:28] Par: "folders/Objects/Systems" at dir: "C:/Users/silvi/GameMakerProjects/RoboBitch/objects/obj_GameController/obj_GameController.yy"
[05-01-2026 09:29:28] Found Object: obj_GameController
[05-01-2026 09:29:28] Checking Create_0.gml
[05-01-2026 09:29:28] Current parent directory: C:/Users/silvi/GameMakerProjects/RoboBitch/objects/obj_OVCard
[05-01-2026 09:29:28] Checking Step_0.gml
[05-01-2026 09:29:28] Checking obj_OVCard.yy
[05-01-2026 09:29:28] Parsing C:/Users/silvi/GameMakerProjects/RoboBitch/objects/obj_OVCard/obj_OVCard.yy
[05-01-2026 09:29:28] Reading C:/Users/silvi/GameMakerProjects/RoboBitch/objects/obj_OVCard/obj_OVCard.yy
[05-01-2026 09:29:28] Par: "folders/Objects" at dir: "C:/Users/silvi/GameMakerProjects/RoboBitch/objects/obj_OVCard/obj_OVCard.yy"
[05-01-2026 09:29:28] Found Object: obj_OVCard
[05-01-2026 09:29:28] Checking Mouse_7.gml
[05-01-2026 09:29:28] Checking Mouse_4.gml
[05-01-2026 09:29:28] Checking Create_0.gml
[05-01-2026 09:29:28] Current parent directory: C:/Users/silvi/GameMakerProjects/RoboBitch/objects/obj_OVCardReader
[05-01-2026 09:29:28] Checking Step_0.gml
[05-01-2026 09:29:28] Checking obj_OVCardReader.yy
[05-01-2026 09:29:28] Parsing C:/Users/silvi/GameMakerProjects/RoboBitch/objects/obj_OVCardReader/obj_OVCardReader.yy
[05-01-2026 09:29:28] Reading C:/Users/silvi/GameMakerProjects/RoboBitch/objects/obj_OVCardReader/obj_OVCardReader.yy
[05-01-2026 09:29:28] Par: "folders/Objects" at dir: "C:/Users/silvi/GameMakerProjects/RoboBitch/objects/obj_OVCardReader/obj_OVCardReader.yy"
[05-01-2026 09:29:28] Found Object: obj_OVCardReader
[05-01-2026 09:29:28] Checking Draw_0.gml
[05-01-2026 09:29:28] Checking Create_0.gml
[05-01-2026 09:29:28] Current parent directory: C:/Users/silvi/GameMakerProjects/RoboBitch/objects/obj_Player
[05-01-2026 09:29:28] Checking Step_2.gml
[05-01-2026 09:29:28] Checking Step_0.gml
[05-01-2026 09:29:28] Checking obj_Player.yy
[05-01-2026 09:29:28] Parsing C:/Users/silvi/GameMakerProjects/RoboBitch/objects/obj_Player/obj_Player.yy
[05-01-2026 09:29:28] Reading C:/Users/silvi/GameMakerProjects/RoboBitch/objects/obj_Player/obj_Player.yy
[05-01-2026 09:29:28] Par: "folders/Objects" at dir: "C:/Users/silvi/GameMakerProjects/RoboBitch/objects/obj_Player/obj_Player.yy"
[05-01-2026 09:29:28] Found Object: obj_Player
[05-01-2026 09:29:28] Checking Create_0.gml
[05-01-2026 09:29:28] Current parent directory: C:/Users/silvi/GameMakerProjects/RoboBitch/objects/obj_RoomInfoInside
[05-01-2026 09:29:28] Checking obj_RoomInfoInside.yy
[05-01-2026 09:29:28] Parsing C:/Users/silvi/GameMakerProjects/RoboBitch/objects/obj_RoomInfoInside/obj_RoomInfoInside.yy
[05-01-2026 09:29:28] Reading C:/Users/silvi/GameMakerProjects/RoboBitch/objects/obj_RoomInfoInside/obj_RoomInfoInside.yy
[05-01-2026 09:29:28] Par: "folders/Objects/Systems" at dir: "C:/Users/silvi/GameMakerProjects/RoboBitch/objects/obj_RoomInfoInside/obj_RoomInfoInside.yy"
[05-01-2026 09:29:28] Found Object: obj_RoomInfoInside
[05-01-2026 09:29:28] Checking Create_0.gml
[05-01-2026 09:29:28] Current parent directory: C:/Users/silvi/GameMakerProjects/RoboBitch/objects/obj_RoomInfoOutside
[05-01-2026 09:29:28] Checking obj_RoomInfoOutside.yy
[05-01-2026 09:29:28] Parsing C:/Users/silvi/GameMakerProjects/RoboBitch/objects/obj_RoomInfoOutside/obj_RoomInfoOutside.yy
[05-01-2026 09:29:28] Reading C:/Users/silvi/GameMakerProjects/RoboBitch/objects/obj_RoomInfoOutside/obj_RoomInfoOutside.yy
[05-01-2026 09:29:28] Par: "folders/Objects/Systems" at dir: "C:/Users/silvi/GameMakerProjects/RoboBitch/objects/obj_RoomInfoOutside/obj_RoomInfoOutside.yy"
[05-01-2026 09:29:28] Found Object: obj_RoomInfoOutside
[05-01-2026 09:29:28] Checking Create_0.gml
[05-01-2026 09:29:28] Current parent directory: C:/Users/silvi/GameMakerProjects/RoboBitch/objects/obj_RoomInfoParent
[05-01-2026 09:29:28] Checking obj_RoomInfoParent.yy
[05-01-2026 09:29:28] Parsing C:/Users/silvi/GameMakerProjects/RoboBitch/objects/obj_RoomInfoParent/obj_RoomInfoParent.yy
[05-01-2026 09:29:28] Reading C:/Users/silvi/GameMakerProjects/RoboBitch/objects/obj_RoomInfoParent/obj_RoomInfoParent.yy
[05-01-2026 09:29:28] Par: "folders/Objects/Systems" at dir: "C:/Users/silvi/GameMakerProjects/RoboBitch/objects/obj_RoomInfoParent/obj_RoomInfoParent.yy"
[05-01-2026 09:29:28] Found Object: obj_RoomInfoParent
[05-01-2026 09:29:28] Checking Create_0.gml
[05-01-2026 09:29:28] Current parent directory: C:/Users/silvi/GameMakerProjects/RoboBitch/objects/obj_RoomSwitcher
[05-01-2026 09:29:28] Checking Step_2.gml
[05-01-2026 09:29:28] Checking Step_0.gml
[05-01-2026 09:29:28] Checking obj_RoomSwitcher.yy
[05-01-2026 09:29:28] Parsing C:/Users/silvi/GameMakerProjects/RoboBitch/objects/obj_RoomSwitcher/obj_RoomSwitcher.yy
[05-01-2026 09:29:28] Reading C:/Users/silvi/GameMakerProjects/RoboBitch/objects/obj_RoomSwitcher/obj_RoomSwitcher.yy
[05-01-2026 09:29:28] Par: "folders/Objects" at dir: "C:/Users/silvi/GameMakerProjects/RoboBitch/objects/obj_RoomSwitcher/obj_RoomSwitcher.yy"
[05-01-2026 09:29:28] Found Object: obj_RoomSwitcher
[05-01-2026 09:29:28] Checking Create_0.gml
[05-01-2026 09:29:28] Current parent directory: C:/Users/silvi/GameMakerProjects/RoboBitch/objects/obj_SliderBar
[05-01-2026 09:29:28] Checking Step_0.gml
[05-01-2026 09:29:28] Checking obj_SliderBar.yy
[05-01-2026 09:29:28] Parsing C:/Users/silvi/GameMakerProjects/RoboBitch/objects/obj_SliderBar/obj_SliderBar.yy
[05-01-2026 09:29:28] Reading C:/Users/silvi/GameMakerProjects/RoboBitch/objects/obj_SliderBar/obj_SliderBar.yy
[05-01-2026 09:29:28] Par: "folders/Objects/UI" at dir: "C:/Users/silvi/GameMakerProjects/RoboBitch/objects/obj_SliderBar/obj_SliderBar.yy"
[05-01-2026 09:29:28] Found Object: obj_SliderBar
[05-01-2026 09:29:28] Checking Mouse_56.gml
[05-01-2026 09:29:28] Checking Mouse_4.gml
[05-01-2026 09:29:28] Checking Mouse_11.gml
[05-01-2026 09:29:28] Checking Mouse_10.gml
[05-01-2026 09:29:28] Checking Draw_0.gml
[05-01-2026 09:29:28] Checking Create_0.gml
[05-01-2026 09:29:28] Current parent directory: C:/Users/silvi/GameMakerProjects/RoboBitch/objects/obj_SliderKnob
[05-01-2026 09:29:28] Checking Step_0.gml
[05-01-2026 09:29:28] Checking obj_SliderKnob.yy
[05-01-2026 09:29:28] Parsing C:/Users/silvi/GameMakerProjects/RoboBitch/objects/obj_SliderKnob/obj_SliderKnob.yy
[05-01-2026 09:29:28] Reading C:/Users/silvi/GameMakerProjects/RoboBitch/objects/obj_SliderKnob/obj_SliderKnob.yy
[05-01-2026 09:29:28] Par: "folders/Objects/UI" at dir: "C:/Users/silvi/GameMakerProjects/RoboBitch/objects/obj_SliderKnob/obj_SliderKnob.yy"
[05-01-2026 09:29:28] Found Object: obj_SliderKnob
[05-01-2026 09:29:28] Checking Mouse_56.gml
[05-01-2026 09:29:28] Checking Mouse_4.gml
[05-01-2026 09:29:28] Checking Mouse_11.gml
[05-01-2026 09:29:28] Checking Mouse_10.gml
[05-01-2026 09:29:28] Checking Mouse_0.gml
[05-01-2026 09:29:28] Checking Create_0.gml
[05-01-2026 09:29:28] Current parent directory: C:/Users/silvi/GameMakerProjects/RoboBitch/objects/obj_Tick
[05-01-2026 09:29:28] Checking Step_0.gml
[05-01-2026 09:29:28] Checking obj_Tick.yy
[05-01-2026 09:29:28] Parsing C:/Users/silvi/GameMakerProjects/RoboBitch/objects/obj_Tick/obj_Tick.yy
[05-01-2026 09:29:28] Reading C:/Users/silvi/GameMakerProjects/RoboBitch/objects/obj_Tick/obj_Tick.yy
[05-01-2026 09:29:28] Par: "folders/Objects/UI" at dir: "C:/Users/silvi/GameMakerProjects/RoboBitch/objects/obj_Tick/obj_Tick.yy"
[05-01-2026 09:29:28] Found Object: obj_Tick
[05-01-2026 09:29:28] Current parent directory: C:/Users/silvi/GameMakerProjects/RoboBitch/options
[05-01-2026 09:29:28] Checking windows
[05-01-2026 09:29:28] Directory: C:/Users/silvi/GameMakerProjects/RoboBitch/options/windows
[05-01-2026 09:29:28] Checking tvos
[05-01-2026 09:29:28] Directory: C:/Users/silvi/GameMakerProjects/RoboBitch/options/tvos
[05-01-2026 09:29:28] Checking operagx
[05-01-2026 09:29:28] Directory: C:/Users/silvi/GameMakerProjects/RoboBitch/options/operagx
[05-01-2026 09:29:28] Checking main
[05-01-2026 09:29:28] Directory: C:/Users/silvi/GameMakerProjects/RoboBitch/options/main
[05-01-2026 09:29:28] Checking mac
[05-01-2026 09:29:28] Directory: C:/Users/silvi/GameMakerProjects/RoboBitch/options/mac
[05-01-2026 09:29:28] Checking linux
[05-01-2026 09:29:28] Directory: C:/Users/silvi/GameMakerProjects/RoboBitch/options/linux
[05-01-2026 09:29:28] Checking ios
[05-01-2026 09:29:28] Directory: C:/Users/silvi/GameMakerProjects/RoboBitch/options/ios
[05-01-2026 09:29:28] Checking html5
[05-01-2026 09:29:28] Directory: C:/Users/silvi/GameMakerProjects/RoboBitch/options/html5
[05-01-2026 09:29:28] Checking android
[05-01-2026 09:29:28] Directory: C:/Users/silvi/GameMakerProjects/RoboBitch/options/android
[05-01-2026 09:29:28] Current parent directory: C:/Users/silvi/GameMakerProjects/RoboBitch/options/android
[05-01-2026 09:29:28] Checking options_android.yy
[05-01-2026 09:29:28] Parsing C:/Users/silvi/GameMakerProjects/RoboBitch/options/android/options_android.yy
[05-01-2026 09:29:28] Reading C:/Users/silvi/GameMakerProjects/RoboBitch/options/android/options_android.yy
[05-01-2026 09:29:28] Current parent directory: C:/Users/silvi/GameMakerProjects/RoboBitch/options/html5
[05-01-2026 09:29:28] Checking options_html5.yy
[05-01-2026 09:29:28] Parsing C:/Users/silvi/GameMakerProjects/RoboBitch/options/html5/options_html5.yy
[05-01-2026 09:29:28] Reading C:/Users/silvi/GameMakerProjects/RoboBitch/options/html5/options_html5.yy
[05-01-2026 09:29:28] Current parent directory: C:/Users/silvi/GameMakerProjects/RoboBitch/options/ios
[05-01-2026 09:29:28] Checking options_ios.yy
[05-01-2026 09:29:28] Parsing C:/Users/silvi/GameMakerProjects/RoboBitch/options/ios/options_ios.yy
[05-01-2026 09:29:28] Reading C:/Users/silvi/GameMakerProjects/RoboBitch/options/ios/options_ios.yy
[05-01-2026 09:29:28] Current parent directory: C:/Users/silvi/GameMakerProjects/RoboBitch/options/linux
[05-01-2026 09:29:28] Checking options_linux.yy
[05-01-2026 09:29:28] Parsing C:/Users/silvi/GameMakerProjects/RoboBitch/options/linux/options_linux.yy
[05-01-2026 09:29:28] Reading C:/Users/silvi/GameMakerProjects/RoboBitch/options/linux/options_linux.yy
[05-01-2026 09:29:28] Current parent directory: C:/Users/silvi/GameMakerProjects/RoboBitch/options/mac
[05-01-2026 09:29:28] Checking options_mac.yy
[05-01-2026 09:29:28] Parsing C:/Users/silvi/GameMakerProjects/RoboBitch/options/mac/options_mac.yy
[05-01-2026 09:29:28] Reading C:/Users/silvi/GameMakerProjects/RoboBitch/options/mac/options_mac.yy
[05-01-2026 09:29:28] Current parent directory: C:/Users/silvi/GameMakerProjects/RoboBitch/options/main
[05-01-2026 09:29:28] Checking options_main.yy
[05-01-2026 09:29:28] Parsing C:/Users/silvi/GameMakerProjects/RoboBitch/options/main/options_main.yy
[05-01-2026 09:29:28] Reading C:/Users/silvi/GameMakerProjects/RoboBitch/options/main/options_main.yy
[05-01-2026 09:29:28] Current parent directory: C:/Users/silvi/GameMakerProjects/RoboBitch/options/operagx
[05-01-2026 09:29:28] Checking options_operagx.yy
[05-01-2026 09:29:28] Parsing C:/Users/silvi/GameMakerProjects/RoboBitch/options/operagx/options_operagx.yy
[05-01-2026 09:29:28] Reading C:/Users/silvi/GameMakerProjects/RoboBitch/options/operagx/options_operagx.yy
[05-01-2026 09:29:28] Current parent directory: C:/Users/silvi/GameMakerProjects/RoboBitch/options/tvos
[05-01-2026 09:29:28] Checking options_tvos.yy
[05-01-2026 09:29:28] Parsing C:/Users/silvi/GameMakerProjects/RoboBitch/options/tvos/options_tvos.yy
[05-01-2026 09:29:28] Reading C:/Users/silvi/GameMakerProjects/RoboBitch/options/tvos/options_tvos.yy
[05-01-2026 09:29:28] Current parent directory: C:/Users/silvi/GameMakerProjects/RoboBitch/options/windows
[05-01-2026 09:29:28] Checking options_windows.yy
[05-01-2026 09:29:28] Parsing C:/Users/silvi/GameMakerProjects/RoboBitch/options/windows/options_windows.yy
[05-01-2026 09:29:28] Reading C:/Users/silvi/GameMakerProjects/RoboBitch/options/windows/options_windows.yy
[05-01-2026 09:29:28] Current parent directory: C:/Users/silvi/GameMakerProjects/RoboBitch/paths
[05-01-2026 09:29:28] Current parent directory: C:/Users/silvi/GameMakerProjects/RoboBitch/rooms
[05-01-2026 09:29:28] Checking rm_VdendingmachineMinigame
[05-01-2026 09:29:28] Directory: C:/Users/silvi/GameMakerProjects/RoboBitch/rooms/rm_VdendingmachineMinigame
[05-01-2026 09:29:28] Checking rm_TitleScreen
[05-01-2026 09:29:28] Directory: C:/Users/silvi/GameMakerProjects/RoboBitch/rooms/rm_TitleScreen
[05-01-2026 09:29:28] Checking rm_outside
[05-01-2026 09:29:28] Directory: C:/Users/silvi/GameMakerProjects/RoboBitch/rooms/rm_outside
[05-01-2026 09:29:28] Checking rm_inside
[05-01-2026 09:29:28] Directory: C:/Users/silvi/GameMakerProjects/RoboBitch/rooms/rm_inside
[05-01-2026 09:29:28] Checking rm_DenizMaria
[05-01-2026 09:29:28] Directory: C:/Users/silvi/GameMakerProjects/RoboBitch/rooms/rm_DenizMaria
[05-01-2026 09:29:28] Checking rm_CoffeeMachine
[05-01-2026 09:29:28] Directory: C:/Users/silvi/GameMakerProjects/RoboBitch/rooms/rm_CoffeeMachine
[05-01-2026 09:29:28] Checking rm_CardSwipeMG
[05-01-2026 09:29:28] Directory: C:/Users/silvi/GameMakerProjects/RoboBitch/rooms/rm_CardSwipeMG
[05-01-2026 09:29:28] Checking rm_CardReaderMG
[05-01-2026 09:29:28] Directory: C:/Users/silvi/GameMakerProjects/RoboBitch/rooms/rm_CardReaderMG
[05-01-2026 09:29:28] Checking rm_BusStop
[05-01-2026 09:29:28] Directory: C:/Users/silvi/GameMakerProjects/RoboBitch/rooms/rm_BusStop
[05-01-2026 09:29:28] Checking rm_BakerSpace
[05-01-2026 09:29:28] Directory: C:/Users/silvi/GameMakerProjects/RoboBitch/rooms/rm_BakerSpace
[05-01-2026 09:29:28] Checking rm_Appie
[05-01-2026 09:29:28] Directory: C:/Users/silvi/GameMakerProjects/RoboBitch/rooms/rm_Appie
[05-01-2026 09:29:28] Checking rm_Agartha
[05-01-2026 09:29:28] Directory: C:/Users/silvi/GameMakerProjects/RoboBitch/rooms/rm_Agartha
[05-01-2026 09:29:28] Current parent directory: C:/Users/silvi/GameMakerProjects/RoboBitch/rooms/rm_Agartha
[05-01-2026 09:29:28] Checking rm_Agartha.yy
[05-01-2026 09:29:28] Parsing C:/Users/silvi/GameMakerProjects/RoboBitch/rooms/rm_Agartha/rm_Agartha.yy
[05-01-2026 09:29:28] Reading C:/Users/silvi/GameMakerProjects/RoboBitch/rooms/rm_Agartha/rm_Agartha.yy
[05-01-2026 09:29:28] Par: "folders/Rooms" at dir: "C:/Users/silvi/GameMakerProjects/RoboBitch/rooms/rm_Agartha/rm_Agartha.yy"
[05-01-2026 09:29:28] Found Room: rm_Agartha
[05-01-2026 09:29:28] Current parent directory: C:/Users/silvi/GameMakerProjects/RoboBitch/rooms/rm_Appie
[05-01-2026 09:29:28] Checking rm_Appie.yy
[05-01-2026 09:29:28] Parsing C:/Users/silvi/GameMakerProjects/RoboBitch/rooms/rm_Appie/rm_Appie.yy
[05-01-2026 09:29:28] Reading C:/Users/silvi/GameMakerProjects/RoboBitch/rooms/rm_Appie/rm_Appie.yy
[05-01-2026 09:29:28] Par: "folders/Rooms" at dir: "C:/Users/silvi/GameMakerProjects/RoboBitch/rooms/rm_Appie/rm_Appie.yy"
[05-01-2026 09:29:28] Found Room: rm_Appie
[05-01-2026 09:29:28] Current parent directory: C:/Users/silvi/GameMakerProjects/RoboBitch/rooms/rm_BakerSpace
[05-01-2026 09:29:28] Checking rm_BakerSpace.yy
[05-01-2026 09:29:28] Parsing C:/Users/silvi/GameMakerProjects/RoboBitch/rooms/rm_BakerSpace/rm_BakerSpace.yy
[05-01-2026 09:29:28] Reading C:/Users/silvi/GameMakerProjects/RoboBitch/rooms/rm_BakerSpace/rm_BakerSpace.yy
[05-01-2026 09:29:28] Par: "folders/Rooms" at dir: "C:/Users/silvi/GameMakerProjects/RoboBitch/rooms/rm_BakerSpace/rm_BakerSpace.yy"
[05-01-2026 09:29:28] Found Room: rm_BakerSpace
[05-01-2026 09:29:28] Current parent directory: C:/Users/silvi/GameMakerProjects/RoboBitch/rooms/rm_BusStop
[05-01-2026 09:29:28] Checking rm_BusStop.yy
[05-01-2026 09:29:28] Parsing C:/Users/silvi/GameMakerProjects/RoboBitch/rooms/rm_BusStop/rm_BusStop.yy
[05-01-2026 09:29:28] Reading C:/Users/silvi/GameMakerProjects/RoboBitch/rooms/rm_BusStop/rm_BusStop.yy
[05-01-2026 09:29:28] Par: "folders/Rooms" at dir: "C:/Users/silvi/GameMakerProjects/RoboBitch/rooms/rm_BusStop/rm_BusStop.yy"
[05-01-2026 09:29:28] Found Room: rm_BusStop
[05-01-2026 09:29:28] Checking InstanceCreationCode_inst_37CB1518.gml
[05-01-2026 09:29:28] Current parent directory: C:/Users/silvi/GameMakerProjects/RoboBitch/rooms/rm_CardReaderMG
[05-01-2026 09:29:28] Checking rm_CardReaderMG.yy
[05-01-2026 09:29:28] Parsing C:/Users/silvi/GameMakerProjects/RoboBitch/rooms/rm_CardReaderMG/rm_CardReaderMG.yy
[05-01-2026 09:29:28] Reading C:/Users/silvi/GameMakerProjects/RoboBitch/rooms/rm_CardReaderMG/rm_CardReaderMG.yy
[05-01-2026 09:29:28] Par: "folders/Rooms" at dir: "C:/Users/silvi/GameMakerProjects/RoboBitch/rooms/rm_CardReaderMG/rm_CardReaderMG.yy"
[05-01-2026 09:29:28] Found Room: rm_CardReaderMG
[05-01-2026 09:29:28] Current parent directory: C:/Users/silvi/GameMakerProjects/RoboBitch/rooms/rm_CardSwipeMG
[05-01-2026 09:29:28] Checking rm_CardSwipeMG.yy
[05-01-2026 09:29:28] Parsing C:/Users/silvi/GameMakerProjects/RoboBitch/rooms/rm_CardSwipeMG/rm_CardSwipeMG.yy
[05-01-2026 09:29:28] Reading C:/Users/silvi/GameMakerProjects/RoboBitch/rooms/rm_CardSwipeMG/rm_CardSwipeMG.yy
[05-01-2026 09:29:28] Par: "folders/Rooms" at dir: "C:/Users/silvi/GameMakerProjects/RoboBitch/rooms/rm_CardSwipeMG/rm_CardSwipeMG.yy"
[05-01-2026 09:29:28] Found Room: rm_CardSwipeMG
[05-01-2026 09:29:28] Current parent directory: C:/Users/silvi/GameMakerProjects/RoboBitch/rooms/rm_CoffeeMachine
[05-01-2026 09:29:28] Checking rm_CoffeeMachine.yy
[05-01-2026 09:29:28] Parsing C:/Users/silvi/GameMakerProjects/RoboBitch/rooms/rm_CoffeeMachine/rm_CoffeeMachine.yy
[05-01-2026 09:29:28] Reading C:/Users/silvi/GameMakerProjects/RoboBitch/rooms/rm_CoffeeMachine/rm_CoffeeMachine.yy
[05-01-2026 09:29:28] Par: "folders/Rooms" at dir: "C:/Users/silvi/GameMakerProjects/RoboBitch/rooms/rm_CoffeeMachine/rm_CoffeeMachine.yy"
[05-01-2026 09:29:28] Found Room: rm_CoffeeMachine
[05-01-2026 09:29:28] Current parent directory: C:/Users/silvi/GameMakerProjects/RoboBitch/rooms/rm_DenizMaria
[05-01-2026 09:29:28] Checking rm_DenizMaria.yy
[05-01-2026 09:29:28] Parsing C:/Users/silvi/GameMakerProjects/RoboBitch/rooms/rm_DenizMaria/rm_DenizMaria.yy
[05-01-2026 09:29:28] Reading C:/Users/silvi/GameMakerProjects/RoboBitch/rooms/rm_DenizMaria/rm_DenizMaria.yy
[05-01-2026 09:29:28] Par: "folders/Rooms" at dir: "C:/Users/silvi/GameMakerProjects/RoboBitch/rooms/rm_DenizMaria/rm_DenizMaria.yy"
[05-01-2026 09:29:28] Found Room: rm_DenizMaria
[05-01-2026 09:29:28] Current parent directory: C:/Users/silvi/GameMakerProjects/RoboBitch/rooms/rm_inside
[05-01-2026 09:29:28] Checking rm_inside.yy
[05-01-2026 09:29:28] Parsing C:/Users/silvi/GameMakerProjects/RoboBitch/rooms/rm_inside/rm_inside.yy
[05-01-2026 09:29:28] Reading C:/Users/silvi/GameMakerProjects/RoboBitch/rooms/rm_inside/rm_inside.yy
[05-01-2026 09:29:28] Par: "folders/Rooms" at dir: "C:/Users/silvi/GameMakerProjects/RoboBitch/rooms/rm_inside/rm_inside.yy"
[05-01-2026 09:29:28] Found Room: rm_inside
[05-01-2026 09:29:28] Current parent directory: C:/Users/silvi/GameMakerProjects/RoboBitch/rooms/rm_outside
[05-01-2026 09:29:28] Checking rm_outside.yy
[05-01-2026 09:29:28] Parsing C:/Users/silvi/GameMakerProjects/RoboBitch/rooms/rm_outside/rm_outside.yy
[05-01-2026 09:29:28] Reading C:/Users/silvi/GameMakerProjects/RoboBitch/rooms/rm_outside/rm_outside.yy
[05-01-2026 09:29:28] Par: "folders/Rooms" at dir: "C:/Users/silvi/GameMakerProjects/RoboBitch/rooms/rm_outside/rm_outside.yy"
[05-01-2026 09:29:28] Found Room: rm_outside
[05-01-2026 09:29:28] Current parent directory: C:/Users/silvi/GameMakerProjects/RoboBitch/rooms/rm_TitleScreen
[05-01-2026 09:29:28] Checking rm_TitleScreen.yy
[05-01-2026 09:29:28] Parsing C:/Users/silvi/GameMakerProjects/RoboBitch/rooms/rm_TitleScreen/rm_TitleScreen.yy
[05-01-2026 09:29:28] Reading C:/Users/silvi/GameMakerProjects/RoboBitch/rooms/rm_TitleScreen/rm_TitleScreen.yy
[05-01-2026 09:29:28] Par: "folders/Rooms" at dir: "C:/Users/silvi/GameMakerProjects/RoboBitch/rooms/rm_TitleScreen/rm_TitleScreen.yy"
[05-01-2026 09:29:28] Found Room: rm_TitleScreen
[05-01-2026 09:29:28] Current parent directory: C:/Users/silvi/GameMakerProjects/RoboBitch/rooms/rm_VdendingmachineMinigame
[05-01-2026 09:29:28] Checking rm_VdendingmachineMinigame.yy
[05-01-2026 09:29:28] Parsing C:/Users/silvi/GameMakerProjects/RoboBitch/rooms/rm_VdendingmachineMinigame/rm_VdendingmachineMinigame.yy
[05-01-2026 09:29:28] Reading C:/Users/silvi/GameMakerProjects/RoboBitch/rooms/rm_VdendingmachineMinigame/rm_VdendingmachineMinigame.yy
[05-01-2026 09:29:28] Par: "folders/Rooms" at dir: "C:/Users/silvi/GameMakerProjects/RoboBitch/rooms/rm_VdendingmachineMinigame/rm_VdendingmachineMinigame.yy"
[05-01-2026 09:29:28] Found Room: rm_VdendingmachineMinigame
[05-01-2026 09:29:28] Current parent directory: C:/Users/silvi/GameMakerProjects/RoboBitch/scripts
[05-01-2026 09:29:28] Checking scr_Position
[05-01-2026 09:29:28] Directory: C:/Users/silvi/GameMakerProjects/RoboBitch/scripts/scr_Position
[05-01-2026 09:29:28] Checking scr_Pause
[05-01-2026 09:29:28] Directory: C:/Users/silvi/GameMakerProjects/RoboBitch/scripts/scr_Pause
[05-01-2026 09:29:28] Checking scr_Dialogue
[05-01-2026 09:29:28] Directory: C:/Users/silvi/GameMakerProjects/RoboBitch/scripts/scr_Dialogue
[05-01-2026 09:29:28] Current parent directory: C:/Users/silvi/GameMakerProjects/RoboBitch/scripts/scr_Dialogue
[05-01-2026 09:29:28] Checking scr_Dialogue.yy
[05-01-2026 09:29:28] Parsing C:/Users/silvi/GameMakerProjects/RoboBitch/scripts/scr_Dialogue/scr_Dialogue.yy
[05-01-2026 09:29:29] Reading C:/Users/silvi/GameMakerProjects/RoboBitch/scripts/scr_Dialogue/scr_Dialogue.yy
[05-01-2026 09:29:29] Par: "folders/Scripts" at dir: "C:/Users/silvi/GameMakerProjects/RoboBitch/scripts/scr_Dialogue/scr_Dialogue.yy"
[05-01-2026 09:29:29] Found Script: scr_Dialogue
[05-01-2026 09:29:29] Checking scr_Dialogue.gml
[05-01-2026 09:29:29] Current parent directory: C:/Users/silvi/GameMakerProjects/RoboBitch/scripts/scr_Pause
[05-01-2026 09:29:29] Checking scr_Pause.yy
[05-01-2026 09:29:29] Parsing C:/Users/silvi/GameMakerProjects/RoboBitch/scripts/scr_Pause/scr_Pause.yy
[05-01-2026 09:29:29] Reading C:/Users/silvi/GameMakerProjects/RoboBitch/scripts/scr_Pause/scr_Pause.yy
[05-01-2026 09:29:29] Par: "folders/Scripts" at dir: "C:/Users/silvi/GameMakerProjects/RoboBitch/scripts/scr_Pause/scr_Pause.yy"
[05-01-2026 09:29:29] Found Script: scr_Pause
[05-01-2026 09:29:29] Checking scr_Pause.gml
[05-01-2026 09:29:29] Current parent directory: C:/Users/silvi/GameMakerProjects/RoboBitch/scripts/scr_Position
[05-01-2026 09:29:29] Checking scr_Position.yy
[05-01-2026 09:29:29] Parsing C:/Users/silvi/GameMakerProjects/RoboBitch/scripts/scr_Position/scr_Position.yy
[05-01-2026 09:29:29] Reading C:/Users/silvi/GameMakerProjects/RoboBitch/scripts/scr_Position/scr_Position.yy
[05-01-2026 09:29:29] Par: "folders/Scripts" at dir: "C:/Users/silvi/GameMakerProjects/RoboBitch/scripts/scr_Position/scr_Position.yy"
[05-01-2026 09:29:29] Found Script: scr_Position
[05-01-2026 09:29:29] Checking scr_Position.gml
[05-01-2026 09:29:29] Current parent directory: C:/Users/silvi/GameMakerProjects/RoboBitch/sequences
[05-01-2026 09:29:29] Checking sq_Bus2
[05-01-2026 09:29:29] Directory: C:/Users/silvi/GameMakerProjects/RoboBitch/sequences/sq_Bus2
[05-01-2026 09:29:29] Checking sq_Bus1
[05-01-2026 09:29:29] Directory: C:/Users/silvi/GameMakerProjects/RoboBitch/sequences/sq_Bus1
[05-01-2026 09:29:29] Current parent directory: C:/Users/silvi/GameMakerProjects/RoboBitch/sequences/sq_Bus1
[05-01-2026 09:29:29] Checking sq_Bus1.yy
[05-01-2026 09:29:29] Parsing C:/Users/silvi/GameMakerProjects/RoboBitch/sequences/sq_Bus1/sq_Bus1.yy
[05-01-2026 09:29:29] Reading C:/Users/silvi/GameMakerProjects/RoboBitch/sequences/sq_Bus1/sq_Bus1.yy
[05-01-2026 09:29:29] Par: "folders/Sequences" at dir: "C:/Users/silvi/GameMakerProjects/RoboBitch/sequences/sq_Bus1/sq_Bus1.yy"
[05-01-2026 09:29:29] Found Sequence: sq_Bus1
[05-01-2026 09:29:29] Current parent directory: C:/Users/silvi/GameMakerProjects/RoboBitch/sequences/sq_Bus2
[05-01-2026 09:29:29] Checking sq_Bus2.yy
[05-01-2026 09:29:29] Parsing C:/Users/silvi/GameMakerProjects/RoboBitch/sequences/sq_Bus2/sq_Bus2.yy
[05-01-2026 09:29:29] Reading C:/Users/silvi/GameMakerProjects/RoboBitch/sequences/sq_Bus2/sq_Bus2.yy
[05-01-2026 09:29:29] Par: "folders/Sequences" at dir: "C:/Users/silvi/GameMakerProjects/RoboBitch/sequences/sq_Bus2/sq_Bus2.yy"
[05-01-2026 09:29:29] Found Sequence: sq_Bus2
[05-01-2026 09:29:29] Current parent directory: C:/Users/silvi/GameMakerProjects/RoboBitch/shaders
[05-01-2026 09:29:29] Current parent directory: C:/Users/silvi/GameMakerProjects/RoboBitch/sounds
[05-01-2026 09:29:29] Checking sfx_MariaVoice
[05-01-2026 09:29:29] Directory: C:/Users/silvi/GameMakerProjects/RoboBitch/sounds/sfx_MariaVoice
[05-01-2026 09:29:29] Checking sfx_GrassFootstep
[05-01-2026 09:29:29] Directory: C:/Users/silvi/GameMakerProjects/RoboBitch/sounds/sfx_GrassFootstep
[05-01-2026 09:29:29] Checking msc_bird1
[05-01-2026 09:29:29] Directory: C:/Users/silvi/GameMakerProjects/RoboBitch/sounds/msc_bird1
[05-01-2026 09:29:29] Current parent directory: C:/Users/silvi/GameMakerProjects/RoboBitch/sounds/msc_bird1
[05-01-2026 09:29:29] Checking msc_bird1.yy
[05-01-2026 09:29:29] Parsing C:/Users/silvi/GameMakerProjects/RoboBitch/sounds/msc_bird1/msc_bird1.yy
[05-01-2026 09:29:29] Reading C:/Users/silvi/GameMakerProjects/RoboBitch/sounds/msc_bird1/msc_bird1.yy
[05-01-2026 09:29:29] Par: "folders/SFX" at dir: "C:/Users/silvi/GameMakerProjects/RoboBitch/sounds/msc_bird1/msc_bird1.yy"
[05-01-2026 09:29:29] Found Sound: msc_bird1
[05-01-2026 09:29:29] Checking msc_bird1.wav
[05-01-2026 09:29:29] Current parent directory: C:/Users/silvi/GameMakerProjects/RoboBitch/sounds/sfx_GrassFootstep
[05-01-2026 09:29:29] Checking sfx_GrassFootstep.yy
[05-01-2026 09:29:29] Parsing C:/Users/silvi/GameMakerProjects/RoboBitch/sounds/sfx_GrassFootstep/sfx_GrassFootstep.yy
[05-01-2026 09:29:29] Reading C:/Users/silvi/GameMakerProjects/RoboBitch/sounds/sfx_GrassFootstep/sfx_GrassFootstep.yy
[05-01-2026 09:29:29] Par: "folders/SFX" at dir: "C:/Users/silvi/GameMakerProjects/RoboBitch/sounds/sfx_GrassFootstep/sfx_GrassFootstep.yy"
[05-01-2026 09:29:29] Found Sound: sfx_GrassFootstep
[05-01-2026 09:29:29] Checking sfx_GrassFootstep.wav
[05-01-2026 09:29:29] Current parent directory: C:/Users/silvi/GameMakerProjects/RoboBitch/sounds/sfx_MariaVoice
[05-01-2026 09:29:29] Checking sfx_MariaVoice.yy
[05-01-2026 09:29:29] Parsing C:/Users/silvi/GameMakerProjects/RoboBitch/sounds/sfx_MariaVoice/sfx_MariaVoice.yy
[05-01-2026 09:29:29] Reading C:/Users/silvi/GameMakerProjects/RoboBitch/sounds/sfx_MariaVoice/sfx_MariaVoice.yy
[05-01-2026 09:29:29] Par: "folders/SFX" at dir: "C:/Users/silvi/GameMakerProjects/RoboBitch/sounds/sfx_MariaVoice/sfx_MariaVoice.yy"
[05-01-2026 09:29:29] Found Sound: sfx_MariaVoice
[05-01-2026 09:29:29] Checking sfx_MariaVoice.mp3
[05-01-2026 09:29:29] Current parent directory: C:/Users/silvi/GameMakerProjects/RoboBitch/sprites
[05-01-2026 09:29:29] Checking spr_XButton
[05-01-2026 09:29:29] Directory: C:/Users/silvi/GameMakerProjects/RoboBitch/sprites/spr_XButton
[05-01-2026 09:29:29] Checking spr_VerifyButton
[05-01-2026 09:29:29] Directory: C:/Users/silvi/GameMakerProjects/RoboBitch/sprites/spr_VerifyButton
[05-01-2026 09:29:29] Checking spr_Unamused
[05-01-2026 09:29:29] Directory: C:/Users/silvi/GameMakerProjects/RoboBitch/sprites/spr_Unamused
[05-01-2026 09:29:29] Checking spr_TickFrame
[05-01-2026 09:29:29] Directory: C:/Users/silvi/GameMakerProjects/RoboBitch/sprites/spr_TickFrame
[05-01-2026 09:29:29] Checking spr_Tick
[05-01-2026 09:29:29] Directory: C:/Users/silvi/GameMakerProjects/RoboBitch/sprites/spr_Tick
[05-01-2026 09:29:29] Checking spr_talkingbubble
[05-01-2026 09:29:29] Directory: C:/Users/silvi/GameMakerProjects/RoboBitch/sprites/spr_talkingbubble
[05-01-2026 09:29:29] Checking spr_SliderKnob
[05-01-2026 09:29:29] Directory: C:/Users/silvi/GameMakerProjects/RoboBitch/sprites/spr_SliderKnob
[05-01-2026 09:29:29] Checking spr_SliderBar
[05-01-2026 09:29:29] Directory: C:/Users/silvi/GameMakerProjects/RoboBitch/sprites/spr_SliderBar
[05-01-2026 09:29:29] Checking spr_Shock
[05-01-2026 09:29:29] Directory: C:/Users/silvi/GameMakerProjects/RoboBitch/sprites/spr_Shock
[05-01-2026 09:29:29] Checking spr_Sad
[05-01-2026 09:29:29] Directory: C:/Users/silvi/GameMakerProjects/RoboBitch/sprites/spr_Sad
[05-01-2026 09:29:29] Checking spr_Robot
[05-01-2026 09:29:29] Directory: C:/Users/silvi/GameMakerProjects/RoboBitch/sprites/spr_Robot
[05-01-2026 09:29:29] Checking spr_Portrait
[05-01-2026 09:29:29] Directory: C:/Users/silvi/GameMakerProjects/RoboBitch/sprites/spr_Portrait
[05-01-2026 09:29:29] Checking spr_PlayerTemp
[05-01-2026 09:29:29] Directory: C:/Users/silvi/GameMakerProjects/RoboBitch/sprites/spr_PlayerTemp
[05-01-2026 09:29:29] Checking spr_Phone
[05-01-2026 09:29:29] Directory: C:/Users/silvi/GameMakerProjects/RoboBitch/sprites/spr_Phone
[05-01-2026 09:29:29] Checking spr_PauseMenu
[05-01-2026 09:29:29] Directory: C:/Users/silvi/GameMakerProjects/RoboBitch/sprites/spr_PauseMenu
[05-01-2026 09:29:29] Checking spr_OVCardReader
[05-01-2026 09:29:29] Directory: C:/Users/silvi/GameMakerProjects/RoboBitch/sprites/spr_OVCardReader
[05-01-2026 09:29:29] Checking spr_OutsideCM
[05-01-2026 09:29:29] Directory: C:/Users/silvi/GameMakerProjects/RoboBitch/sprites/spr_OutsideCM
[05-01-2026 09:29:29] Checking spr_NotARobot
[05-01-2026 09:29:29] Directory: C:/Users/silvi/GameMakerProjects/RoboBitch/sprites/spr_NotARobot
[05-01-2026 09:29:29] Checking spr_Micheal
[05-01-2026 09:29:29] Directory: C:/Users/silvi/GameMakerProjects/RoboBitch/sprites/spr_Micheal
[05-01-2026 09:29:29] Checking spr_MakerspaceINSIDE
[05-01-2026 09:29:29] Directory: C:/Users/silvi/GameMakerProjects/RoboBitch/sprites/spr_MakerspaceINSIDE
[05-01-2026 09:29:29] Checking spr_MainMenu
[05-01-2026 09:29:29] Directory: C:/Users/silvi/GameMakerProjects/RoboBitch/sprites/spr_MainMenu
[05-01-2026 09:29:29] Checking spr_MainHallCM
[05-01-2026 09:29:29] Directory: C:/Users/silvi/GameMakerProjects/RoboBitch/sprites/spr_MainHallCM
[05-01-2026 09:29:29] Checking spr_MainHall
[05-01-2026 09:29:29] Directory: C:/Users/silvi/GameMakerProjects/RoboBitch/sprites/spr_MainHall
[05-01-2026 09:29:29] Checking spr_machiene
[05-01-2026 09:29:29] Directory: C:/Users/silvi/GameMakerProjects/RoboBitch/sprites/spr_machiene
[05-01-2026 09:29:29] Checking spr_Knob
[05-01-2026 09:29:29] Directory: C:/Users/silvi/GameMakerProjects/RoboBitch/sprites/spr_Knob
[05-01-2026 09:29:29] Checking spr_Happy
[05-01-2026 09:29:29] Directory: C:/Users/silvi/GameMakerProjects/RoboBitch/sprites/spr_Happy
[05-01-2026 09:29:29] Checking spr_HanzeOutsideCM
[05-01-2026 09:29:29] Directory: C:/Users/silvi/GameMakerProjects/RoboBitch/sprites/spr_HanzeOutsideCM
[05-01-2026 09:29:29] Checking spr_HanzeOutside
[05-01-2026 09:29:29] Directory: C:/Users/silvi/GameMakerProjects/RoboBitch/sprites/spr_HanzeOutside
[05-01-2026 09:29:29] Checking spr_GameMaker
[05-01-2026 09:29:29] Directory: C:/Users/silvi/GameMakerProjects/RoboBitch/sprites/spr_GameMaker
[05-01-2026 09:29:29] Checking spr_Frame
[05-01-2026 09:29:29] Directory: C:/Users/silvi/GameMakerProjects/RoboBitch/sprites/spr_Frame
[05-01-2026 09:29:29] Checking spr_Drop
[05-01-2026 09:29:29] Directory: C:/Users/silvi/GameMakerProjects/RoboBitch/sprites/spr_Drop
[05-01-2026 09:29:29] Checking spr_Door
[05-01-2026 09:29:29] Directory: C:/Users/silvi/GameMakerProjects/RoboBitch/sprites/spr_Door
[05-01-2026 09:29:29] Checking spr_DMDialogueBG
[05-01-2026 09:29:29] Directory: C:/Users/silvi/GameMakerProjects/RoboBitch/sprites/spr_DMDialogueBG
[05-01-2026 09:29:29] Checking spr_Distraught
[05-01-2026 09:29:29] Directory: C:/Users/silvi/GameMakerProjects/RoboBitch/sprites/spr_Distraught
[05-01-2026 09:29:29] Checking spr_DialogueFrame
[05-01-2026 09:29:29] Directory: C:/Users/silvi/GameMakerProjects/RoboBitch/sprites/spr_DialogueFrame
[05-01-2026 09:29:29] Checking spr_DialogueChoice
[05-01-2026 09:29:29] Directory: C:/Users/silvi/GameMakerProjects/RoboBitch/sprites/spr_DialogueChoice
[05-01-2026 09:29:29] Checking spr_Dialogue
[05-01-2026 09:29:29] Directory: C:/Users/silvi/GameMakerProjects/RoboBitch/sprites/spr_Dialogue
[05-01-2026 09:29:29] Checking spr_Deregister
[05-01-2026 09:29:29] Directory: C:/Users/silvi/GameMakerProjects/RoboBitch/sprites/spr_Deregister
[05-01-2026 09:29:29] Checking spr_Dead
[05-01-2026 09:29:29] Directory: C:/Users/silvi/GameMakerProjects/RoboBitch/sprites/spr_Dead
[05-01-2026 09:29:29] Checking spr_Cursor
[05-01-2026 09:29:29] Directory: C:/Users/silvi/GameMakerProjects/RoboBitch/sprites/spr_Cursor
[05-01-2026 09:29:29] Checking spr_CollisionPlant
[05-01-2026 09:29:29] Directory: C:/Users/silvi/GameMakerProjects/RoboBitch/sprites/spr_CollisionPlant
[05-01-2026 09:29:29] Checking spr_CoffeeMachine
[05-01-2026 09:29:29] Directory: C:/Users/silvi/GameMakerProjects/RoboBitch/sprites/spr_CoffeeMachine
[05-01-2026 09:29:29] Checking spr_CoffeeDropper
[05-01-2026 09:29:29] Directory: C:/Users/silvi/GameMakerProjects/RoboBitch/sprites/spr_CoffeeDropper
[05-01-2026 09:29:29] Checking spr_CoffeeBar
[05-01-2026 09:29:29] Directory: C:/Users/silvi/GameMakerProjects/RoboBitch/sprites/spr_CoffeeBar
[05-01-2026 09:29:29] Checking spr_Coffee
[05-01-2026 09:29:29] Directory: C:/Users/silvi/GameMakerProjects/RoboBitch/sprites/spr_Coffee
[05-01-2026 09:29:29] Checking spr_cocotier
[05-01-2026 09:29:29] Directory: C:/Users/silvi/GameMakerProjects/RoboBitch/sprites/spr_cocotier
[05-01-2026 09:29:29] Checking spr_Check
[05-01-2026 09:29:29] Directory: C:/Users/silvi/GameMakerProjects/RoboBitch/sprites/spr_Check
[05-01-2026 09:29:29] Checking spr_Chatbox
[05-01-2026 09:29:29] Directory: C:/Users/silvi/GameMakerProjects/RoboBitch/sprites/spr_Chatbox
[05-01-2026 09:29:29] Checking spr_CaptchaTick
[05-01-2026 09:29:29] Directory: C:/Users/silvi/GameMakerProjects/RoboBitch/sprites/spr_CaptchaTick
[05-01-2026 09:29:29] Checking spr_Captcha
[05-01-2026 09:29:29] Directory: C:/Users/silvi/GameMakerProjects/RoboBitch/sprites/spr_Captcha
[05-01-2026 09:29:29] Checking spr_BusStopCM
[05-01-2026 09:29:29] Directory: C:/Users/silvi/GameMakerProjects/RoboBitch/sprites/spr_BusStopCM
[05-01-2026 09:29:29] Checking spr_BusStop
[05-01-2026 09:29:29] Directory: C:/Users/silvi/GameMakerProjects/RoboBitch/sprites/spr_BusStop
[05-01-2026 09:29:29] Checking spr_BusCardGif
[05-01-2026 09:29:29] Directory: C:/Users/silvi/GameMakerProjects/RoboBitch/sprites/spr_BusCardGif
[05-01-2026 09:29:29] Checking spr_BusCard
[05-01-2026 09:29:29] Directory: C:/Users/silvi/GameMakerProjects/RoboBitch/sprites/spr_BusCard
[05-01-2026 09:29:29] Checking spr_Bus
[05-01-2026 09:29:29] Directory: C:/Users/silvi/GameMakerProjects/RoboBitch/sprites/spr_Bus
[05-01-2026 09:29:29] Checking spr_BakerSpaceCM
[05-01-2026 09:29:29] Directory: C:/Users/silvi/GameMakerProjects/RoboBitch/sprites/spr_BakerSpaceCM
[05-01-2026 09:29:29] Checking spr_Bakerspace
[05-01-2026 09:29:29] Directory: C:/Users/silvi/GameMakerProjects/RoboBitch/sprites/spr_Bakerspace
[05-01-2026 09:29:29] Checking spr_AppieCM
[05-01-2026 09:29:29] Directory: C:/Users/silvi/GameMakerProjects/RoboBitch/sprites/spr_AppieCM
[05-01-2026 09:29:29] Checking spr_Appie
[05-01-2026 09:29:29] Directory: C:/Users/silvi/GameMakerProjects/RoboBitch/sprites/spr_Appie
[05-01-2026 09:29:29] Checking spr_ANGRY
[05-01-2026 09:29:29] Directory: C:/Users/silvi/GameMakerProjects/RoboBitch/sprites/spr_ANGRY
[05-01-2026 09:29:29] Checking spr_Agartha
[05-01-2026 09:29:29] Directory: C:/Users/silvi/GameMakerProjects/RoboBitch/sprites/spr_Agartha
[05-01-2026 09:29:29] Checking Sprite46
[05-01-2026 09:29:29] Directory: C:/Users/silvi/GameMakerProjects/RoboBitch/sprites/Sprite46
[05-01-2026 09:29:29] Checking MakerspaceINSIDE_mask47
[05-01-2026 09:29:29] Directory: C:/Users/silvi/GameMakerProjects/RoboBitch/sprites/MakerspaceINSIDE_mask47
[05-01-2026 09:29:29] Checking MakerspaceINSIDE_mask42
[05-01-2026 09:29:29] Directory: C:/Users/silvi/GameMakerProjects/RoboBitch/sprites/MakerspaceINSIDE_mask42
[05-01-2026 09:29:29] Checking DEPspr_SliderKnob
[05-01-2026 09:29:29] Directory: C:/Users/silvi/GameMakerProjects/RoboBitch/sprites/DEPspr_SliderKnob
[05-01-2026 09:29:29] Checking DEPspr_SliderBar
[05-01-2026 09:29:29] Directory: C:/Users/silvi/GameMakerProjects/RoboBitch/sprites/DEPspr_SliderBar
[05-01-2026 09:29:29] Checking DEPspr_Player
[05-01-2026 09:29:29] Directory: C:/Users/silvi/GameMakerProjects/RoboBitch/sprites/DEPspr_Player
[05-01-2026 09:29:29] Checking DEPspr_MainMenu
[05-01-2026 09:29:29] Directory: C:/Users/silvi/GameMakerProjects/RoboBitch/sprites/DEPspr_MainMenu
[05-01-2026 09:29:29] Checking DEPspr_Dialogue_frame_after
[05-01-2026 09:29:29] Directory: C:/Users/silvi/GameMakerProjects/RoboBitch/sprites/DEPspr_Dialogue_frame_after
[05-01-2026 09:29:29] Checking DEPspr_Dialogue_body_after
[05-01-2026 09:29:29] Directory: C:/Users/silvi/GameMakerProjects/RoboBitch/sprites/DEPspr_Dialogue_body_after
[05-01-2026 09:29:29] Checking DEPspr_Button
[05-01-2026 09:29:29] Directory: C:/Users/silvi/GameMakerProjects/RoboBitch/sprites/DEPspr_Button
[05-01-2026 09:29:29] Checking DEPspr_ANGRY
[05-01-2026 09:29:29] Directory: C:/Users/silvi/GameMakerProjects/RoboBitch/sprites/DEPspr_ANGRY
[05-01-2026 09:29:29] Checking DEP1spr_menu
[05-01-2026 09:29:29] Directory: C:/Users/silvi/GameMakerProjects/RoboBitch/sprites/DEP1spr_menu
[05-01-2026 09:29:29] Checking DEP1spr_MainMenu
[05-01-2026 09:29:29] Directory: C:/Users/silvi/GameMakerProjects/RoboBitch/sprites/DEP1spr_MainMenu
[05-01-2026 09:29:29] Checking chat_box.webp
[05-01-2026 09:29:29] Checking BaseCollisionMaskSprite
[05-01-2026 09:29:29] Directory: C:/Users/silvi/GameMakerProjects/RoboBitch/sprites/BaseCollisionMaskSprite
[05-01-2026 09:29:29] Checking background.webp
[05-01-2026 09:29:29] Current parent directory: C:/Users/silvi/GameMakerProjects/RoboBitch/sprites/BaseCollisionMaskSprite
[05-01-2026 09:29:29] Checking layers
[05-01-2026 09:29:29] Directory: C:/Users/silvi/GameMakerProjects/RoboBitch/sprites/BaseCollisionMaskSprite/layers
[05-01-2026 09:29:29] Checking BaseCollisionMaskSprite.yy
[05-01-2026 09:29:29] Parsing C:/Users/silvi/GameMakerProjects/RoboBitch/sprites/BaseCollisionMaskSprite/BaseCollisionMaskSprite.yy
[05-01-2026 09:29:29] Reading C:/Users/silvi/GameMakerProjects/RoboBitch/sprites/BaseCollisionMaskSprite/BaseCollisionMaskSprite.yy
[05-01-2026 09:29:29] Par: "folders/Sprites/BGs/Collision Masks" at dir: "C:/Users/silvi/GameMakerProjects/RoboBitch/sprites/BaseCollisionMaskSprite/BaseCollisionMaskSprite.yy"
[05-01-2026 09:29:29] Found Sprite: BaseCollisionMaskSprite
[05-01-2026 09:29:29] Checking b717e617-73bb-4392-ac89-e9a73d7a8b22.png
[05-01-2026 09:29:29] Current parent directory: C:/Users/silvi/GameMakerProjects/RoboBitch/sprites/BaseCollisionMaskSprite/layers
[05-01-2026 09:29:29] Checking b717e617-73bb-4392-ac89-e9a73d7a8b22
[05-01-2026 09:29:29] Directory: C:/Users/silvi/GameMakerProjects/RoboBitch/sprites/BaseCollisionMaskSprite/layers/b717e617-73bb-4392-ac89-e9a73d7a8b22
[05-01-2026 09:29:29] Current parent directory: C:/Users/silvi/GameMakerProjects/RoboBitch/sprites/BaseCollisionMaskSprite/layers/b717e617-73bb-4392-ac89-e9a73d7a8b22
[05-01-2026 09:29:29] Checking 1c89c812-508f-4ffe-a462-69473314190b.png
[05-01-2026 09:29:29] Current parent directory: C:/Users/silvi/GameMakerProjects/RoboBitch/sprites/DEP1spr_MainMenu
[05-01-2026 09:29:29] Checking layers
[05-01-2026 09:29:29] Directory: C:/Users/silvi/GameMakerProjects/RoboBitch/sprites/DEP1spr_MainMenu/layers
[05-01-2026 09:29:29] Checking DEP1spr_MainMenu.yy
[05-01-2026 09:29:29] Parsing C:/Users/silvi/GameMakerProjects/RoboBitch/sprites/DEP1spr_MainMenu/DEP1spr_MainMenu.yy
[05-01-2026 09:29:29] Reading C:/Users/silvi/GameMakerProjects/RoboBitch/sprites/DEP1spr_MainMenu/DEP1spr_MainMenu.yy
[05-01-2026 09:29:29] Par: "folders/Deprecated" at dir: "C:/Users/silvi/GameMakerProjects/RoboBitch/sprites/DEP1spr_MainMenu/DEP1spr_MainMenu.yy"
[05-01-2026 09:29:29] Found Sprite: DEP1spr_MainMenu
[05-01-2026 09:29:29] Checking 04295d0a-6159-41fb-991b-527de1c032d3.png
[05-01-2026 09:29:29] Current parent directory: C:/Users/silvi/GameMakerProjects/RoboBitch/sprites/DEP1spr_MainMenu/layers
[05-01-2026 09:29:29] Checking 04295d0a-6159-41fb-991b-527de1c032d3
[05-01-2026 09:29:29] Directory: C:/Users/silvi/GameMakerProjects/RoboBitch/sprites/DEP1spr_MainMenu/layers/04295d0a-6159-41fb-991b-527de1c032d3
[05-01-2026 09:29:29] Current parent directory: C:/Users/silvi/GameMakerProjects/RoboBitch/sprites/DEP1spr_MainMenu/layers/04295d0a-6159-41fb-991b-527de1c032d3
[05-01-2026 09:29:29] Checking 9fdd890c-b926-474a-a08c-7e3ec0063293.png
[05-01-2026 09:29:29] Current parent directory: C:/Users/silvi/GameMakerProjects/RoboBitch/sprites/DEP1spr_menu
[05-01-2026 09:29:29] Checking layers
[05-01-2026 09:29:29] Directory: C:/Users/silvi/GameMakerProjects/RoboBitch/sprites/DEP1spr_menu/layers
[05-01-2026 09:29:29] Checking DEP1spr_menu.yy
[05-01-2026 09:29:29] Parsing C:/Users/silvi/GameMakerProjects/RoboBitch/sprites/DEP1spr_menu/DEP1spr_menu.yy
[05-01-2026 09:29:29] Reading C:/Users/silvi/GameMakerProjects/RoboBitch/sprites/DEP1spr_menu/DEP1spr_menu.yy
[05-01-2026 09:29:29] Par: "folders/Deprecated" at dir: "C:/Users/silvi/GameMakerProjects/RoboBitch/sprites/DEP1spr_menu/DEP1spr_menu.yy"
[05-01-2026 09:29:29] Found Sprite: DEP1spr_menu
[05-01-2026 09:29:29] Checking 8be04a70-4e4c-441c-b24b-c81a29b9fe9d.png
[05-01-2026 09:29:29] Current parent directory: C:/Users/silvi/GameMakerProjects/RoboBitch/sprites/DEP1spr_menu/layers
[05-01-2026 09:29:29] Checking 8be04a70-4e4c-441c-b24b-c81a29b9fe9d
[05-01-2026 09:29:29] Directory: C:/Users/silvi/GameMakerProjects/RoboBitch/sprites/DEP1spr_menu/layers/8be04a70-4e4c-441c-b24b-c81a29b9fe9d
[05-01-2026 09:29:29] Current parent directory: C:/Users/silvi/GameMakerProjects/RoboBitch/sprites/DEP1spr_menu/layers/8be04a70-4e4c-441c-b24b-c81a29b9fe9d
[05-01-2026 09:29:29] Checking 11d0e065-37d5-4fc5-a38e-36a843c686a0.png
[05-01-2026 09:29:29] Current parent directory: C:/Users/silvi/GameMakerProjects/RoboBitch/sprites/DEPspr_ANGRY
[05-01-2026 09:29:29] Checking layers
[05-01-2026 09:29:29] Directory: C:/Users/silvi/GameMakerProjects/RoboBitch/sprites/DEPspr_ANGRY/layers
[05-01-2026 09:29:29] Checking DEPspr_ANGRY.yy
[05-01-2026 09:29:29] Parsing C:/Users/silvi/GameMakerProjects/RoboBitch/sprites/DEPspr_ANGRY/DEPspr_ANGRY.yy
[05-01-2026 09:29:29] Reading C:/Users/silvi/GameMakerProjects/RoboBitch/sprites/DEPspr_ANGRY/DEPspr_ANGRY.yy
[05-01-2026 09:29:29] Par: "folders/Deprecated" at dir: "C:/Users/silvi/GameMakerProjects/RoboBitch/sprites/DEPspr_ANGRY/DEPspr_ANGRY.yy"
[05-01-2026 09:29:29] Found Sprite: DEPspr_ANGRY
[05-01-2026 09:29:29] Checking 3bf20b9a-7c8e-419b-8e21-4a89faaebd4e.png
[05-01-2026 09:29:29] Current parent directory: C:/Users/silvi/GameMakerProjects/RoboBitch/sprites/DEPspr_ANGRY/layers
[05-01-2026 09:29:29] Checking 3bf20b9a-7c8e-419b-8e21-4a89faaebd4e
[05-01-2026 09:29:29] Directory: C:/Users/silvi/GameMakerProjects/RoboBitch/sprites/DEPspr_ANGRY/layers/3bf20b9a-7c8e-419b-8e21-4a89faaebd4e
[05-01-2026 09:29:29] Current parent directory: C:/Users/silvi/GameMakerProjects/RoboBitch/sprites/DEPspr_ANGRY/layers/3bf20b9a-7c8e-419b-8e21-4a89faaebd4e
[05-01-2026 09:29:29] Checking 49234586-9c8f-41d2-a347-46d9473a45f0.png
[05-01-2026 09:29:29] Current parent directory: C:/Users/silvi/GameMakerProjects/RoboBitch/sprites/DEPspr_Button
[05-01-2026 09:29:29] Checking layers
[05-01-2026 09:29:29] Directory: C:/Users/silvi/GameMakerProjects/RoboBitch/sprites/DEPspr_Button/layers
[05-01-2026 09:29:29] Checking DEPspr_Button.yy
[05-01-2026 09:29:29] Parsing C:/Users/silvi/GameMakerProjects/RoboBitch/sprites/DEPspr_Button/DEPspr_Button.yy
[05-01-2026 09:29:29] Reading C:/Users/silvi/GameMakerProjects/RoboBitch/sprites/DEPspr_Button/DEPspr_Button.yy
[05-01-2026 09:29:29] Par: "folders/Deprecated" at dir: "C:/Users/silvi/GameMakerProjects/RoboBitch/sprites/DEPspr_Button/DEPspr_Button.yy"
[05-01-2026 09:29:29] Found Sprite: DEPspr_Button
[05-01-2026 09:29:29] Checking 296a1214-87b7-4bfb-893a-7363636c592f.png
[05-01-2026 09:29:29] Current parent directory: C:/Users/silvi/GameMakerProjects/RoboBitch/sprites/DEPspr_Button/layers
[05-01-2026 09:29:29] Checking 296a1214-87b7-4bfb-893a-7363636c592f
[05-01-2026 09:29:29] Directory: C:/Users/silvi/GameMakerProjects/RoboBitch/sprites/DEPspr_Button/layers/296a1214-87b7-4bfb-893a-7363636c592f
[05-01-2026 09:29:29] Current parent directory: C:/Users/silvi/GameMakerProjects/RoboBitch/sprites/DEPspr_Button/layers/296a1214-87b7-4bfb-893a-7363636c592f
[05-01-2026 09:29:29] Checking 99ae3cb5-78b0-4361-bdac-39172651bfc7.png
[05-01-2026 09:29:29] Current parent directory: C:/Users/silvi/GameMakerProjects/RoboBitch/sprites/DEPspr_Dialogue_body_after
[05-01-2026 09:29:29] Checking layers
[05-01-2026 09:29:29] Directory: C:/Users/silvi/GameMakerProjects/RoboBitch/sprites/DEPspr_Dialogue_body_after/layers
[05-01-2026 09:29:29] Checking DEPspr_Dialogue_body_after.yy
[05-01-2026 09:29:29] Parsing C:/Users/silvi/GameMakerProjects/RoboBitch/sprites/DEPspr_Dialogue_body_after/DEPspr_Dialogue_body_after.yy
[05-01-2026 09:29:29] Reading C:/Users/silvi/GameMakerProjects/RoboBitch/sprites/DEPspr_Dialogue_body_after/DEPspr_Dialogue_body_after.yy
[05-01-2026 09:29:29] Par: "folders/Deprecated" at dir: "C:/Users/silvi/GameMakerProjects/RoboBitch/sprites/DEPspr_Dialogue_body_after/DEPspr_Dialogue_body_after.yy"
[05-01-2026 09:29:29] Found Sprite: DEPspr_Dialogue_body_after
[05-01-2026 09:29:29] Checking 794cb6e3-1ce5-4f86-a84d-56b0c9e7eeda.png
[05-01-2026 09:29:29] Current parent directory: C:/Users/silvi/GameMakerProjects/RoboBitch/sprites/DEPspr_Dialogue_body_after/layers
[05-01-2026 09:29:29] Checking 794cb6e3-1ce5-4f86-a84d-56b0c9e7eeda
[05-01-2026 09:29:29] Directory: C:/Users/silvi/GameMakerProjects/RoboBitch/sprites/DEPspr_Dialogue_body_after/layers/794cb6e3-1ce5-4f86-a84d-56b0c9e7eeda
[05-01-2026 09:29:29] Current parent directory: C:/Users/silvi/GameMakerProjects/RoboBitch/sprites/DEPspr_Dialogue_body_after/layers/794cb6e3-1ce5-4f86-a84d-56b0c9e7eeda
[05-01-2026 09:29:29] Checking d737a39f-0766-4f63-a8b2-c3a5e0b1621d.png
[05-01-2026 09:29:29] Current parent directory: C:/Users/silvi/GameMakerProjects/RoboBitch/sprites/DEPspr_Dialogue_frame_after
[05-01-2026 09:29:29] Checking layers
[05-01-2026 09:29:29] Directory: C:/Users/silvi/GameMakerProjects/RoboBitch/sprites/DEPspr_Dialogue_frame_after/layers
[05-01-2026 09:29:29] Checking DEPspr_Dialogue_frame_after.yy
[05-01-2026 09:29:29] Parsing C:/Users/silvi/GameMakerProjects/RoboBitch/sprites/DEPspr_Dialogue_frame_after/DEPspr_Dialogue_frame_after.yy
[05-01-2026 09:29:29] Reading C:/Users/silvi/GameMakerProjects/RoboBitch/sprites/DEPspr_Dialogue_frame_after/DEPspr_Dialogue_frame_after.yy
[05-01-2026 09:29:29] Par: "folders/Deprecated" at dir: "C:/Users/silvi/GameMakerProjects/RoboBitch/sprites/DEPspr_Dialogue_frame_after/DEPspr_Dialogue_frame_after.yy"
[05-01-2026 09:29:29] Found Sprite: DEPspr_Dialogue_frame_after
[05-01-2026 09:29:29] Checking a359f327-0549-47f8-bef6-fee1b31b4477.png
[05-01-2026 09:29:29] Current parent directory: C:/Users/silvi/GameMakerProjects/RoboBitch/sprites/DEPspr_Dialogue_frame_after/layers
[05-01-2026 09:29:29] Checking a359f327-0549-47f8-bef6-fee1b31b4477
[05-01-2026 09:29:29] Directory: C:/Users/silvi/GameMakerProjects/RoboBitch/sprites/DEPspr_Dialogue_frame_after/layers/a359f327-0549-47f8-bef6-fee1b31b4477
[05-01-2026 09:29:29] Current parent directory: C:/Users/silvi/GameMakerProjects/RoboBitch/sprites/DEPspr_Dialogue_frame_after/layers/a359f327-0549-47f8-bef6-fee1b31b4477
[05-01-2026 09:29:29] Checking 82882510-a10d-4d15-bba3-a68f1bfbf5be.png
[05-01-2026 09:29:29] Current parent directory: C:/Users/silvi/GameMakerProjects/RoboBitch/sprites/DEPspr_MainMenu
[05-01-2026 09:29:29] Checking layers
[05-01-2026 09:29:29] Directory: C:/Users/silvi/GameMakerProjects/RoboBitch/sprites/DEPspr_MainMenu/layers
[05-01-2026 09:29:29] Checking DEPspr_MainMenu.yy
[05-01-2026 09:29:29] Parsing C:/Users/silvi/GameMakerProjects/RoboBitch/sprites/DEPspr_MainMenu/DEPspr_MainMenu.yy
[05-01-2026 09:29:29] Reading C:/Users/silvi/GameMakerProjects/RoboBitch/sprites/DEPspr_MainMenu/DEPspr_MainMenu.yy
[05-01-2026 09:29:29] Par: "folders/Deprecated" at dir: "C:/Users/silvi/GameMakerProjects/RoboBitch/sprites/DEPspr_MainMenu/DEPspr_MainMenu.yy"
[05-01-2026 09:29:29] Found Sprite: DEPspr_MainMenu
[05-01-2026 09:29:29] Checking 160b677e-3a53-4f07-b3a2-f24b34da9d2f.png
[05-01-2026 09:29:29] Current parent directory: C:/Users/silvi/GameMakerProjects/RoboBitch/sprites/DEPspr_MainMenu/layers
[05-01-2026 09:29:29] Checking 160b677e-3a53-4f07-b3a2-f24b34da9d2f
[05-01-2026 09:29:29] Directory: C:/Users/silvi/GameMakerProjects/RoboBitch/sprites/DEPspr_MainMenu/layers/160b677e-3a53-4f07-b3a2-f24b34da9d2f
[05-01-2026 09:29:29] Current parent directory: C:/Users/silvi/GameMakerProjects/RoboBitch/sprites/DEPspr_MainMenu/layers/160b677e-3a53-4f07-b3a2-f24b34da9d2f
[05-01-2026 09:29:29] Checking 10011f00-27eb-4088-8c73-c55701cdbdb8.png
[05-01-2026 09:29:29] Current parent directory: C:/Users/silvi/GameMakerProjects/RoboBitch/sprites/DEPspr_Player
[05-01-2026 09:29:29] Checking layers
[05-01-2026 09:29:29] Directory: C:/Users/silvi/GameMakerProjects/RoboBitch/sprites/DEPspr_Player/layers
[05-01-2026 09:29:29] Checking DEPspr_Player.yy
[05-01-2026 09:29:29] Parsing C:/Users/silvi/GameMakerProjects/RoboBitch/sprites/DEPspr_Player/DEPspr_Player.yy
[05-01-2026 09:29:29] Reading C:/Users/silvi/GameMakerProjects/RoboBitch/sprites/DEPspr_Player/DEPspr_Player.yy
[05-01-2026 09:29:29] Par: "folders/Deprecated" at dir: "C:/Users/silvi/GameMakerProjects/RoboBitch/sprites/DEPspr_Player/DEPspr_Player.yy"
[05-01-2026 09:29:29] Found Sprite: DEPspr_Player
[05-01-2026 09:29:29] Checking 8e355f48-1a1a-45af-961d-0f1d8bc92220.png
[05-01-2026 09:29:29] Current parent directory: C:/Users/silvi/GameMakerProjects/RoboBitch/sprites/DEPspr_Player/layers
[05-01-2026 09:29:29] Checking 8e355f48-1a1a-45af-961d-0f1d8bc92220
[05-01-2026 09:29:29] Directory: C:/Users/silvi/GameMakerProjects/RoboBitch/sprites/DEPspr_Player/layers/8e355f48-1a1a-45af-961d-0f1d8bc92220
[05-01-2026 09:29:29] Current parent directory: C:/Users/silvi/GameMakerProjects/RoboBitch/sprites/DEPspr_Player/layers/8e355f48-1a1a-45af-961d-0f1d8bc92220
[05-01-2026 09:29:29] Checking fc4d61ea-8262-4ed3-b7b5-7f5930d9ef29.png
[05-01-2026 09:29:29] Current parent directory: C:/Users/silvi/GameMakerProjects/RoboBitch/sprites/DEPspr_SliderBar
[05-01-2026 09:29:29] Checking layers
[05-01-2026 09:29:29] Directory: C:/Users/silvi/GameMakerProjects/RoboBitch/sprites/DEPspr_SliderBar/layers
[05-01-2026 09:29:29] Checking DEPspr_SliderBar.yy
[05-01-2026 09:29:29] Parsing C:/Users/silvi/GameMakerProjects/RoboBitch/sprites/DEPspr_SliderBar/DEPspr_SliderBar.yy
[05-01-2026 09:29:29] Reading C:/Users/silvi/GameMakerProjects/RoboBitch/sprites/DEPspr_SliderBar/DEPspr_SliderBar.yy
[05-01-2026 09:29:29] Par: "folders/Deprecated" at dir: "C:/Users/silvi/GameMakerProjects/RoboBitch/sprites/DEPspr_SliderBar/DEPspr_SliderBar.yy"
[05-01-2026 09:29:29] Found Sprite: DEPspr_SliderBar
[05-01-2026 09:29:29] Checking 124a5032-b92c-442d-8bff-5986f238967b.png
[05-01-2026 09:29:29] Current parent directory: C:/Users/silvi/GameMakerProjects/RoboBitch/sprites/DEPspr_SliderBar/layers
[05-01-2026 09:29:29] Checking 124a5032-b92c-442d-8bff-5986f238967b
[05-01-2026 09:29:29] Directory: C:/Users/silvi/GameMakerProjects/RoboBitch/sprites/DEPspr_SliderBar/layers/124a5032-b92c-442d-8bff-5986f238967b
[05-01-2026 09:29:29] Current parent directory: C:/Users/silvi/GameMakerProjects/RoboBitch/sprites/DEPspr_SliderBar/layers/124a5032-b92c-442d-8bff-5986f238967b
[05-01-2026 09:29:29] Checking cf65524f-eb7f-4d39-a745-48ea5a3df06b.png
[05-01-2026 09:29:29] Current parent directory: C:/Users/silvi/GameMakerProjects/RoboBitch/sprites/DEPspr_SliderKnob
[05-01-2026 09:29:29] Checking layers
[05-01-2026 09:29:29] Directory: C:/Users/silvi/GameMakerProjects/RoboBitch/sprites/DEPspr_SliderKnob/layers
[05-01-2026 09:29:29] Checking DEPspr_SliderKnob.yy
[05-01-2026 09:29:29] Parsing C:/Users/silvi/GameMakerProjects/RoboBitch/sprites/DEPspr_SliderKnob/DEPspr_SliderKnob.yy
[05-01-2026 09:29:29] Reading C:/Users/silvi/GameMakerProjects/RoboBitch/sprites/DEPspr_SliderKnob/DEPspr_SliderKnob.yy
[05-01-2026 09:29:29] Par: "folders/Deprecated" at dir: "C:/Users/silvi/GameMakerProjects/RoboBitch/sprites/DEPspr_SliderKnob/DEPspr_SliderKnob.yy"
[05-01-2026 09:29:29] Found Sprite: DEPspr_SliderKnob
[05-01-2026 09:29:29] Checking dbfbbcbe-6788-4911-a427-47c7a44736b3.png
[05-01-2026 09:29:29] Checking b6c12b49-4e56-437f-8029-fa9ad9e49d31.png
[05-01-2026 09:29:29] Checking 3b045875-5c3e-43c2-843b-64c6c6ab85d5.png
[05-01-2026 09:29:29] Current parent directory: C:/Users/silvi/GameMakerProjects/RoboBitch/sprites/DEPspr_SliderKnob/layers
[05-01-2026 09:29:29] Checking dbfbbcbe-6788-4911-a427-47c7a44736b3
[05-01-2026 09:29:29] Directory: C:/Users/silvi/GameMakerProjects/RoboBitch/sprites/DEPspr_SliderKnob/layers/dbfbbcbe-6788-4911-a427-47c7a44736b3
[05-01-2026 09:29:29] Checking b6c12b49-4e56-437f-8029-fa9ad9e49d31
[05-01-2026 09:29:29] Directory: C:/Users/silvi/GameMakerProjects/RoboBitch/sprites/DEPspr_SliderKnob/layers/b6c12b49-4e56-437f-8029-fa9ad9e49d31
[05-01-2026 09:29:29] Checking 3b045875-5c3e-43c2-843b-64c6c6ab85d5
[05-01-2026 09:29:29] Directory: C:/Users/silvi/GameMakerProjects/RoboBitch/sprites/DEPspr_SliderKnob/layers/3b045875-5c3e-43c2-843b-64c6c6ab85d5
[05-01-2026 09:29:29] Current parent directory: C:/Users/silvi/GameMakerProjects/RoboBitch/sprites/DEPspr_SliderKnob/layers/3b045875-5c3e-43c2-843b-64c6c6ab85d5
[05-01-2026 09:29:29] Checking 57450a1a-1c8e-4590-b52c-48b5fed725e2.png
[05-01-2026 09:29:29] Current parent directory: C:/Users/silvi/GameMakerProjects/RoboBitch/sprites/DEPspr_SliderKnob/layers/b6c12b49-4e56-437f-8029-fa9ad9e49d31
[05-01-2026 09:29:29] Checking 57450a1a-1c8e-4590-b52c-48b5fed725e2.png
[05-01-2026 09:29:29] Current parent directory: C:/Users/silvi/GameMakerProjects/RoboBitch/sprites/DEPspr_SliderKnob/layers/dbfbbcbe-6788-4911-a427-47c7a44736b3
[05-01-2026 09:29:29] Checking 57450a1a-1c8e-4590-b52c-48b5fed725e2.png
[05-01-2026 09:29:29] Current parent directory: C:/Users/silvi/GameMakerProjects/RoboBitch/sprites/MakerspaceINSIDE_mask42
[05-01-2026 09:29:29] Checking MakerspaceINSIDE_mask42.yy
[05-01-2026 09:29:29] Parsing C:/Users/silvi/GameMakerProjects/RoboBitch/sprites/MakerspaceINSIDE_mask42/MakerspaceINSIDE_mask42.yy
[05-01-2026 09:29:29] Reading C:/Users/silvi/GameMakerProjects/RoboBitch/sprites/MakerspaceINSIDE_mask42/MakerspaceINSIDE_mask42.yy
[05-01-2026 09:29:29] Par: "folders/Sprites/BGs/Collision Masks" at dir: "C:/Users/silvi/GameMakerProjects/RoboBitch/sprites/MakerspaceINSIDE_mask42/MakerspaceINSIDE_mask42.yy"
[05-01-2026 09:29:29] Found Sprite: MakerspaceINSIDE_mask42
[05-01-2026 09:29:29] Checking layers
[05-01-2026 09:29:29] Directory: C:/Users/silvi/GameMakerProjects/RoboBitch/sprites/MakerspaceINSIDE_mask42/layers
[05-01-2026 09:29:29] Checking 47a47928-9364-44df-ac1c-bb261da37039.png
[05-01-2026 09:29:29] Current parent directory: C:/Users/silvi/GameMakerProjects/RoboBitch/sprites/MakerspaceINSIDE_mask42/layers
[05-01-2026 09:29:29] Checking 47a47928-9364-44df-ac1c-bb261da37039
[05-01-2026 09:29:29] Directory: C:/Users/silvi/GameMakerProjects/RoboBitch/sprites/MakerspaceINSIDE_mask42/layers/47a47928-9364-44df-ac1c-bb261da37039
[05-01-2026 09:29:29] Current parent directory: C:/Users/silvi/GameMakerProjects/RoboBitch/sprites/MakerspaceINSIDE_mask42/layers/47a47928-9364-44df-ac1c-bb261da37039
[05-01-2026 09:29:29] Checking 12472cb5-7edc-4a28-ab96-fa08db291893.png
[05-01-2026 09:29:29] Current parent directory: C:/Users/silvi/GameMakerProjects/RoboBitch/sprites/MakerspaceINSIDE_mask47
[05-01-2026 09:29:29] Checking MakerspaceINSIDE_mask47.yy
[05-01-2026 09:29:29] Parsing C:/Users/silvi/GameMakerProjects/RoboBitch/sprites/MakerspaceINSIDE_mask47/MakerspaceINSIDE_mask47.yy
[05-01-2026 09:29:29] Reading C:/Users/silvi/GameMakerProjects/RoboBitch/sprites/MakerspaceINSIDE_mask47/MakerspaceINSIDE_mask47.yy
[05-01-2026 09:29:29] Par: "folders/Sprites/BGs/Collision Masks" at dir: "C:/Users/silvi/GameMakerProjects/RoboBitch/sprites/MakerspaceINSIDE_mask47/MakerspaceINSIDE_mask47.yy"
[05-01-2026 09:29:29] Found Sprite: MakerspaceINSIDE_mask47
[05-01-2026 09:29:29] Checking layers
[05-01-2026 09:29:29] Directory: C:/Users/silvi/GameMakerProjects/RoboBitch/sprites/MakerspaceINSIDE_mask47/layers
[05-01-2026 09:29:29] Checking 638cdbc3-21e1-41c9-8d2d-dc9a9778a5f5.png
[05-01-2026 09:29:29] Current parent directory: C:/Users/silvi/GameMakerProjects/RoboBitch/sprites/MakerspaceINSIDE_mask47/layers
[05-01-2026 09:29:29] Checking 638cdbc3-21e1-41c9-8d2d-dc9a9778a5f5
[05-01-2026 09:29:29] Directory: C:/Users/silvi/GameMakerProjects/RoboBitch/sprites/MakerspaceINSIDE_mask47/layers/638cdbc3-21e1-41c9-8d2d-dc9a9778a5f5
[05-01-2026 09:29:29] Current parent directory: C:/Users/silvi/GameMakerProjects/RoboBitch/sprites/MakerspaceINSIDE_mask47/layers/638cdbc3-21e1-41c9-8d2d-dc9a9778a5f5
[05-01-2026 09:29:29] Checking 3ca3eeba-53cb-46e6-875a-63909bad3f94.png
[05-01-2026 09:29:29] Current parent directory: C:/Users/silvi/GameMakerProjects/RoboBitch/sprites/Sprite46
[05-01-2026 09:29:29] Checking Sprite46.yy
[05-01-2026 09:29:29] Parsing C:/Users/silvi/GameMakerProjects/RoboBitch/sprites/Sprite46/Sprite46.yy
[05-01-2026 09:29:29] Reading C:/Users/silvi/GameMakerProjects/RoboBitch/sprites/Sprite46/Sprite46.yy
[05-01-2026 09:29:29] ROOT found, not added.
[05-01-2026 09:29:29] Par: "folders" at dir: "C:/Users/silvi/GameMakerProjects/RoboBitch/sprites/Sprite46/Sprite46.yy"
[05-01-2026 09:29:29] Found Sprite: Sprite46
[05-01-2026 09:29:29] Checking layers
[05-01-2026 09:29:29] Directory: C:/Users/silvi/GameMakerProjects/RoboBitch/sprites/Sprite46/layers
[05-01-2026 09:29:29] Checking 722898a5-a681-4edc-83a0-23df0a16e593.png
[05-01-2026 09:29:29] Current parent directory: C:/Users/silvi/GameMakerProjects/RoboBitch/sprites/Sprite46/layers
[05-01-2026 09:29:29] Checking 722898a5-a681-4edc-83a0-23df0a16e593
[05-01-2026 09:29:29] Directory: C:/Users/silvi/GameMakerProjects/RoboBitch/sprites/Sprite46/layers/722898a5-a681-4edc-83a0-23df0a16e593
[05-01-2026 09:29:29] Current parent directory: C:/Users/silvi/GameMakerProjects/RoboBitch/sprites/Sprite46/layers/722898a5-a681-4edc-83a0-23df0a16e593
[05-01-2026 09:29:29] Checking d0654274-a7da-43d5-bd36-a6e6c2ac76c6.png
[05-01-2026 09:29:29] Current parent directory: C:/Users/silvi/GameMakerProjects/RoboBitch/sprites/spr_Agartha
[05-01-2026 09:29:29] Checking spr_Agartha.yy
[05-01-2026 09:29:29] Parsing C:/Users/silvi/GameMakerProjects/RoboBitch/sprites/spr_Agartha/spr_Agartha.yy
[05-01-2026 09:29:29] Reading C:/Users/silvi/GameMakerProjects/RoboBitch/sprites/spr_Agartha/spr_Agartha.yy
[05-01-2026 09:29:29] Par: "folders/Sprites/BGs" at dir: "C:/Users/silvi/GameMakerProjects/RoboBitch/sprites/spr_Agartha/spr_Agartha.yy"
[05-01-2026 09:29:29] Found Sprite: spr_Agartha
[05-01-2026 09:29:29] Checking layers
[05-01-2026 09:29:29] Directory: C:/Users/silvi/GameMakerProjects/RoboBitch/sprites/spr_Agartha/layers
[05-01-2026 09:29:29] Checking 300c5f02-c725-4902-9c49-8e67f43608f6.png
[05-01-2026 09:29:29] Current parent directory: C:/Users/silvi/GameMakerProjects/RoboBitch/sprites/spr_Agartha/layers
[05-01-2026 09:29:29] Checking 300c5f02-c725-4902-9c49-8e67f43608f6
[05-01-2026 09:29:29] Directory: C:/Users/silvi/GameMakerProjects/RoboBitch/sprites/spr_Agartha/layers/300c5f02-c725-4902-9c49-8e67f43608f6
[05-01-2026 09:29:29] Current parent directory: C:/Users/silvi/GameMakerProjects/RoboBitch/sprites/spr_Agartha/layers/300c5f02-c725-4902-9c49-8e67f43608f6
[05-01-2026 09:29:29] Checking e73e8677-c652-49b9-9712-2b441441704d.png
[05-01-2026 09:29:29] Current parent directory: C:/Users/silvi/GameMakerProjects/RoboBitch/sprites/spr_ANGRY
[05-01-2026 09:29:29] Checking spr_ANGRY.yy
[05-01-2026 09:29:29] Parsing C:/Users/silvi/GameMakerProjects/RoboBitch/sprites/spr_ANGRY/spr_ANGRY.yy
[05-01-2026 09:29:29] Reading C:/Users/silvi/GameMakerProjects/RoboBitch/sprites/spr_ANGRY/spr_ANGRY.yy
[05-01-2026 09:29:29] Par: "folders/Sprites/Player" at dir: "C:/Users/silvi/GameMakerProjects/RoboBitch/sprites/spr_ANGRY/spr_ANGRY.yy"
[05-01-2026 09:29:29] Found Sprite: spr_Angry
[05-01-2026 09:29:29] Checking layers
[05-01-2026 09:29:29] Directory: C:/Users/silvi/GameMakerProjects/RoboBitch/sprites/spr_ANGRY/layers
[05-01-2026 09:29:29] Checking 27372aee-1a04-4532-8f22-30d7171011c5.png
[05-01-2026 09:29:29] Current parent directory: C:/Users/silvi/GameMakerProjects/RoboBitch/sprites/spr_ANGRY/layers
[05-01-2026 09:29:29] Checking 27372aee-1a04-4532-8f22-30d7171011c5
[05-01-2026 09:29:29] Directory: C:/Users/silvi/GameMakerProjects/RoboBitch/sprites/spr_ANGRY/layers/27372aee-1a04-4532-8f22-30d7171011c5
[05-01-2026 09:29:29] Current parent directory: C:/Users/silvi/GameMakerProjects/RoboBitch/sprites/spr_ANGRY/layers/27372aee-1a04-4532-8f22-30d7171011c5
[05-01-2026 09:29:29] Checking 883916ff-7bf3-4ff5-80fd-5507e0ed5eea.png
[05-01-2026 09:29:29] Current parent directory: C:/Users/silvi/GameMakerProjects/RoboBitch/sprites/spr_Appie
[05-01-2026 09:29:29] Checking spr_Appie.yy
[05-01-2026 09:29:29] Parsing C:/Users/silvi/GameMakerProjects/RoboBitch/sprites/spr_Appie/spr_Appie.yy
[05-01-2026 09:29:29] Reading C:/Users/silvi/GameMakerProjects/RoboBitch/sprites/spr_Appie/spr_Appie.yy
[05-01-2026 09:29:29] Par: "folders/Sprites/BGs" at dir: "C:/Users/silvi/GameMakerProjects/RoboBitch/sprites/spr_Appie/spr_Appie.yy"
[05-01-2026 09:29:29] Found Sprite: spr_Appie
[05-01-2026 09:29:29] Checking layers
[05-01-2026 09:29:29] Directory: C:/Users/silvi/GameMakerProjects/RoboBitch/sprites/spr_Appie/layers
[05-01-2026 09:29:29] Checking c2e5f3df-5663-4e70-926d-85daab1ab88d.png
[05-01-2026 09:29:29] Checking 19c8ccbb-a1e9-4463-862f-eb1dbd262b3b.png
[05-01-2026 09:29:29] Current parent directory: C:/Users/silvi/GameMakerProjects/RoboBitch/sprites/spr_Appie/layers
[05-01-2026 09:29:29] Checking c2e5f3df-5663-4e70-926d-85daab1ab88d
[05-01-2026 09:29:29] Directory: C:/Users/silvi/GameMakerProjects/RoboBitch/sprites/spr_Appie/layers/c2e5f3df-5663-4e70-926d-85daab1ab88d
[05-01-2026 09:29:29] Checking 19c8ccbb-a1e9-4463-862f-eb1dbd262b3b
[05-01-2026 09:29:29] Directory: C:/Users/silvi/GameMakerProjects/RoboBitch/sprites/spr_Appie/layers/19c8ccbb-a1e9-4463-862f-eb1dbd262b3b
[05-01-2026 09:29:29] Current parent directory: C:/Users/silvi/GameMakerProjects/RoboBitch/sprites/spr_Appie/layers/19c8ccbb-a1e9-4463-862f-eb1dbd262b3b
[05-01-2026 09:29:29] Checking ecd4bf84-1e9c-46c2-8735-f31d32a7752e.png
[05-01-2026 09:29:29] Current parent directory: C:/Users/silvi/GameMakerProjects/RoboBitch/sprites/spr_Appie/layers/c2e5f3df-5663-4e70-926d-85daab1ab88d
[05-01-2026 09:29:29] Checking f60dbeb8-0323-4937-bcfd-40f46846931b.png
[05-01-2026 09:29:29] Current parent directory: C:/Users/silvi/GameMakerProjects/RoboBitch/sprites/spr_AppieCM
[05-01-2026 09:29:29] Checking spr_AppieCM.yy
[05-01-2026 09:29:29] Parsing C:/Users/silvi/GameMakerProjects/RoboBitch/sprites/spr_AppieCM/spr_AppieCM.yy
[05-01-2026 09:29:29] Reading C:/Users/silvi/GameMakerProjects/RoboBitch/sprites/spr_AppieCM/spr_AppieCM.yy
[05-01-2026 09:29:29] Par: "folders/Sprites/BGs/Collision Masks" at dir: "C:/Users/silvi/GameMakerProjects/RoboBitch/sprites/spr_AppieCM/spr_AppieCM.yy"
[05-01-2026 09:29:29] Found Sprite: spr_AppieCM
[05-01-2026 09:29:29] Checking layers
[05-01-2026 09:29:29] Directory: C:/Users/silvi/GameMakerProjects/RoboBitch/sprites/spr_AppieCM/layers
[05-01-2026 09:29:29] Checking 19c8ccbb-a1e9-4463-862f-eb1dbd262b3b.png
[05-01-2026 09:29:29] Current parent directory: C:/Users/silvi/GameMakerProjects/RoboBitch/sprites/spr_AppieCM/layers
[05-01-2026 09:29:29] Checking 19c8ccbb-a1e9-4463-862f-eb1dbd262b3b
[05-01-2026 09:29:29] Directory: C:/Users/silvi/GameMakerProjects/RoboBitch/sprites/spr_AppieCM/layers/19c8ccbb-a1e9-4463-862f-eb1dbd262b3b
[05-01-2026 09:29:29] Current parent directory: C:/Users/silvi/GameMakerProjects/RoboBitch/sprites/spr_AppieCM/layers/19c8ccbb-a1e9-4463-862f-eb1dbd262b3b
[05-01-2026 09:29:29] Checking ecd4bf84-1e9c-46c2-8735-f31d32a7752e.png
[05-01-2026 09:29:29] Current parent directory: C:/Users/silvi/GameMakerProjects/RoboBitch/sprites/spr_Bakerspace
[05-01-2026 09:29:29] Checking spr_Bakerspace.yy
[05-01-2026 09:29:29] Parsing C:/Users/silvi/GameMakerProjects/RoboBitch/sprites/spr_Bakerspace/spr_Bakerspace.yy
[05-01-2026 09:29:29] Reading C:/Users/silvi/GameMakerProjects/RoboBitch/sprites/spr_Bakerspace/spr_Bakerspace.yy
[05-01-2026 09:29:29] Par: "folders/Sprites/BGs" at dir: "C:/Users/silvi/GameMakerProjects/RoboBitch/sprites/spr_Bakerspace/spr_Bakerspace.yy"
[05-01-2026 09:29:29] Found Sprite: spr_Bakerspace
[05-01-2026 09:29:29] Checking layers
[05-01-2026 09:29:29] Directory: C:/Users/silvi/GameMakerProjects/RoboBitch/sprites/spr_Bakerspace/layers
[05-01-2026 09:29:29] Checking 8aa242be-6416-4d7f-9fb0-e5e5859a8d6f.png
[05-01-2026 09:29:29] Current parent directory: C:/Users/silvi/GameMakerProjects/RoboBitch/sprites/spr_Bakerspace/layers
[05-01-2026 09:29:29] Checking 8aa242be-6416-4d7f-9fb0-e5e5859a8d6f
[05-01-2026 09:29:29] Directory: C:/Users/silvi/GameMakerProjects/RoboBitch/sprites/spr_Bakerspace/layers/8aa242be-6416-4d7f-9fb0-e5e5859a8d6f
[05-01-2026 09:29:29] Current parent directory: C:/Users/silvi/GameMakerProjects/RoboBitch/sprites/spr_Bakerspace/layers/8aa242be-6416-4d7f-9fb0-e5e5859a8d6f
[05-01-2026 09:29:29] Checking 86bfc332-be16-4f25-bcad-e36c517e918b.png
[05-01-2026 09:29:29] Current parent directory: C:/Users/silvi/GameMakerProjects/RoboBitch/sprites/spr_BakerSpaceCM
[05-01-2026 09:29:29] Checking spr_BakerSpaceCM.yy
[05-01-2026 09:29:29] Parsing C:/Users/silvi/GameMakerProjects/RoboBitch/sprites/spr_BakerSpaceCM/spr_BakerSpaceCM.yy
[05-01-2026 09:29:29] Reading C:/Users/silvi/GameMakerProjects/RoboBitch/sprites/spr_BakerSpaceCM/spr_BakerSpaceCM.yy
[05-01-2026 09:29:29] Par: "folders/Sprites/BGs/Collision Masks" at dir: "C:/Users/silvi/GameMakerProjects/RoboBitch/sprites/spr_BakerSpaceCM/spr_BakerSpaceCM.yy"
[05-01-2026 09:29:29] Found Sprite: spr_BakerSpaceCM
[05-01-2026 09:29:29] Checking layers
[05-01-2026 09:29:29] Directory: C:/Users/silvi/GameMakerProjects/RoboBitch/sprites/spr_BakerSpaceCM/layers
[05-01-2026 09:29:29] Checking 8aa242be-6416-4d7f-9fb0-e5e5859a8d6f.png
[05-01-2026 09:29:29] Current parent directory: C:/Users/silvi/GameMakerProjects/RoboBitch/sprites/spr_BakerSpaceCM/layers
[05-01-2026 09:29:29] Checking 8aa242be-6416-4d7f-9fb0-e5e5859a8d6f
[05-01-2026 09:29:29] Directory: C:/Users/silvi/GameMakerProjects/RoboBitch/sprites/spr_BakerSpaceCM/layers/8aa242be-6416-4d7f-9fb0-e5e5859a8d6f
[05-01-2026 09:29:29] Current parent directory: C:/Users/silvi/GameMakerProjects/RoboBitch/sprites/spr_BakerSpaceCM/layers/8aa242be-6416-4d7f-9fb0-e5e5859a8d6f
[05-01-2026 09:29:29] Checking 86bfc332-be16-4f25-bcad-e36c517e918b.png
[05-01-2026 09:29:29] Current parent directory: C:/Users/silvi/GameMakerProjects/RoboBitch/sprites/spr_Bus
[05-01-2026 09:29:29] Checking spr_Bus.yy
[05-01-2026 09:29:29] Parsing C:/Users/silvi/GameMakerProjects/RoboBitch/sprites/spr_Bus/spr_Bus.yy
[05-01-2026 09:29:29] Reading C:/Users/silvi/GameMakerProjects/RoboBitch/sprites/spr_Bus/spr_Bus.yy
[05-01-2026 09:29:29] Par: "folders/Sprites" at dir: "C:/Users/silvi/GameMakerProjects/RoboBitch/sprites/spr_Bus/spr_Bus.yy"
[05-01-2026 09:29:29] Found Sprite: spr_Bus
[05-01-2026 09:29:29] Checking layers
[05-01-2026 09:29:29] Directory: C:/Users/silvi/GameMakerProjects/RoboBitch/sprites/spr_Bus/layers
[05-01-2026 09:29:29] Checking 73a339db-1335-4965-84ff-07b371034f88.png
[05-01-2026 09:29:29] Current parent directory: C:/Users/silvi/GameMakerProjects/RoboBitch/sprites/spr_Bus/layers
[05-01-2026 09:29:29] Checking 73a339db-1335-4965-84ff-07b371034f88
[05-01-2026 09:29:29] Directory: C:/Users/silvi/GameMakerProjects/RoboBitch/sprites/spr_Bus/layers/73a339db-1335-4965-84ff-07b371034f88
[05-01-2026 09:29:29] Current parent directory: C:/Users/silvi/GameMakerProjects/RoboBitch/sprites/spr_Bus/layers/73a339db-1335-4965-84ff-07b371034f88
[05-01-2026 09:29:29] Checking 58c47edf-2231-4b59-969b-5d7658ebb3c0.png
[05-01-2026 09:29:29] Current parent directory: C:/Users/silvi/GameMakerProjects/RoboBitch/sprites/spr_BusCard
[05-01-2026 09:29:29] Checking spr_buscard.yy
[05-01-2026 09:29:29] Parsing C:/Users/silvi/GameMakerProjects/RoboBitch/sprites/spr_BusCard/spr_buscard.yy
[05-01-2026 09:29:29] Reading C:/Users/silvi/GameMakerProjects/RoboBitch/sprites/spr_BusCard/spr_buscard.yy
[05-01-2026 09:29:29] Par: "folders/Sprites/Minigames/CardMG" at dir: "C:/Users/silvi/GameMakerProjects/RoboBitch/sprites/spr_BusCard/spr_buscard.yy"
[05-01-2026 09:29:29] Found Sprite: spr_BusCard
[05-01-2026 09:29:29] Checking layers
[05-01-2026 09:29:29] Directory: C:/Users/silvi/GameMakerProjects/RoboBitch/sprites/spr_BusCard/layers
[05-01-2026 09:29:29] Checking aa5b16ed-77b7-4970-b59a-6c7437037b08.png
[05-01-2026 09:29:29] Current parent directory: C:/Users/silvi/GameMakerProjects/RoboBitch/sprites/spr_BusCard/layers
[05-01-2026 09:29:29] Checking aa5b16ed-77b7-4970-b59a-6c7437037b08
[05-01-2026 09:29:29] Directory: C:/Users/silvi/GameMakerProjects/RoboBitch/sprites/spr_BusCard/layers/aa5b16ed-77b7-4970-b59a-6c7437037b08
[05-01-2026 09:29:29] Current parent directory: C:/Users/silvi/GameMakerProjects/RoboBitch/sprites/spr_BusCard/layers/aa5b16ed-77b7-4970-b59a-6c7437037b08
[05-01-2026 09:29:29] Checking 8e727b24-7278-4b56-9754-4b42b096d090.png
[05-01-2026 09:29:29] Current parent directory: C:/Users/silvi/GameMakerProjects/RoboBitch/sprites/spr_BusCardGif
[05-01-2026 09:29:29] Checking spr_BusCardGif.yy
[05-01-2026 09:29:29] Parsing C:/Users/silvi/GameMakerProjects/RoboBitch/sprites/spr_BusCardGif/spr_BusCardGif.yy
[05-01-2026 09:29:29] Reading C:/Users/silvi/GameMakerProjects/RoboBitch/sprites/spr_BusCardGif/spr_BusCardGif.yy
[05-01-2026 09:29:29] Par: "folders/Sprites/Minigames/CardMG" at dir: "C:/Users/silvi/GameMakerProjects/RoboBitch/sprites/spr_BusCardGif/spr_BusCardGif.yy"
[05-01-2026 09:29:29] Found Sprite: spr_BusCardGif
[05-01-2026 09:29:29] Checking layers
[05-01-2026 09:29:29] Directory: C:/Users/silvi/GameMakerProjects/RoboBitch/sprites/spr_BusCardGif/layers
[05-01-2026 09:29:29] Checking f9165310-25cb-4a2c-a44a-302baddc0696.png
[05-01-2026 09:29:29] Checking e7511c1a-b39e-4cd3-aa4a-7965db2c818f.png
[05-01-2026 09:29:29] Checking e6a3ac71-208a-48e6-bcd3-6a02c72c5f2d.png
[05-01-2026 09:29:29] Checking e16057d1-5809-4bb1-9e18-8b61b640f782.png
[05-01-2026 09:29:29] Checking e111ccdc-4617-4c59-bbe7-145b8b69bc45.png
[05-01-2026 09:29:29] Checking e10afec3-85cc-444d-99c3-a007dd684509.png
[05-01-2026 09:29:29] Checking dbe14d21-0bfa-456e-896f-e6f3c613dfbc.png
[05-01-2026 09:29:29] Checking d9b99242-f184-48ab-a9ae-bcc4036245e0.png
[05-01-2026 09:29:29] Checking d3a6a6b0-8e66-4003-b09a-29cccf0bafc7.png
[05-01-2026 09:29:29] Checking ce1b8131-ba20-4094-a99c-b2d40392c009.png
[05-01-2026 09:29:29] Checking cdf35f88-4391-47d2-85cf-0ec7aadd5638.png
[05-01-2026 09:29:29] Checking c96f2e0e-bed7-4d24-a0b5-bcda195eb593.png
[05-01-2026 09:29:29] Checking c57b4623-a25e-4958-a61b-73ac55da6224.png
[05-01-2026 09:29:29] Checking b8266c8c-c2f1-4943-bda2-813585b712a2.png
[05-01-2026 09:29:29] Checking b75e11f7-d649-4a67-8e33-00eb315b596f.png
[05-01-2026 09:29:29] Checking b56acf2d-4614-4729-bf5d-23ac90f7be61.png
[05-01-2026 09:29:29] Checking b4fbc7ed-73a8-4fab-aa8a-9347563d0327.png
[05-01-2026 09:29:29] Checking b4ebc5bb-1b3f-4413-ba3c-1cde379bc10f.png
[05-01-2026 09:29:29] Checking b02a0658-8203-44d1-adfc-df42ef253275.png
[05-01-2026 09:29:29] Checking a2126317-6927-4bdd-94f9-2d94e141129b.png
[05-01-2026 09:29:29] Checking a02b7dd5-e8ce-4515-85ea-43138cda2bf0.png
[05-01-2026 09:29:29] Checking 94273d26-5d95-4a19-a591-1f2ff63addfe.png
[05-01-2026 09:29:29] Checking 90cde271-13ae-4d51-90e4-60513ce2520f.png
[05-01-2026 09:29:29] Checking 8f052fa9-82b0-4902-b514-21c673b13300.png
[05-01-2026 09:29:29] Checking 87194e9c-8215-4a4f-9555-8dd7e45b1ad4.png
[05-01-2026 09:29:29] Checking 87171f3b-633f-4895-a0e3-604b6ed0a963.png
[05-01-2026 09:29:29] Checking 83611304-a890-4da4-9bae-c851a88428dc.png
[05-01-2026 09:29:29] Checking 8341927e-4221-4bc4-8f7c-cc5fbbc730a1.png
[05-01-2026 09:29:29] Checking 7de58a45-78a5-4fa6-9582-97a56f8638d0.png
[05-01-2026 09:29:29] Checking 7dd50eab-5c84-4dd7-b71d-ba67b219bbb4.png
[05-01-2026 09:29:29] Checking 78bfce06-d4d5-488c-ac59-dd0a56e4b00e.png
[05-01-2026 09:29:29] Checking 73695ef6-53ab-41e3-9e56-06dd0ae27565.png
[05-01-2026 09:29:29] Checking 71fae104-e04a-4f62-871d-262dec7df578.png
[05-01-2026 09:29:29] Checking 714fa583-dd18-43c6-87f4-2c0c27b8e3f2.png
[05-01-2026 09:29:29] Checking 6a2d03e8-7b46-42b5-af4d-381fa6759b13.png
[05-01-2026 09:29:29] Checking 5f19d76c-4e25-46dc-97fe-60621b18f014.png
[05-01-2026 09:29:29] Checking 5c53ef33-3853-4ac5-92a5-1336a80e1cb1.png
[05-01-2026 09:29:29] Checking 59c2ad4a-7766-41c0-a9a5-3cd4e5dab39d.png
[05-01-2026 09:29:29] Checking 54702e0f-dd3c-4960-b15e-f205baf3b1f9.png
[05-01-2026 09:29:29] Checking 53cc498b-4657-4d5e-9153-d17b504decdd.png
[05-01-2026 09:29:29] Checking 5355ba23-7c1c-4993-9885-ac7bcc75ea01.png
[05-01-2026 09:29:29] Checking 4edeeb6c-c054-4d3f-a155-ab522b5b92cf.png
[05-01-2026 09:29:29] Checking 4bd363b5-79dc-4377-a0ab-d1b588b6762f.png
[05-01-2026 09:29:29] Checking 470ee071-5c17-4060-9e8d-0b7901b90b5c.png
[05-01-2026 09:29:29] Checking 45f46ee0-3eaf-48a0-a0d3-49e332a7ae50.png
[05-01-2026 09:29:29] Checking 3fce10bc-cf6f-4063-b8d2-5d0ad24fd5ab.png
[05-01-2026 09:29:29] Checking 3cf3c529-20b8-4fba-94c5-5cc85d26d602.png
[05-01-2026 09:29:29] Checking 376c6ace-7050-49d2-857c-c9c9a10aafc1.png
[05-01-2026 09:29:29] Checking 36aed896-875c-46a8-af86-24540339c3ff.png
[05-01-2026 09:29:29] Checking 3621c322-3f71-4062-bce3-9ff9029fe83f.png
[05-01-2026 09:29:29] Checking 31a2b577-e707-4b19-848c-80a5ede629fb.png
[05-01-2026 09:29:29] Checking 300615b6-9928-47b1-8c38-acaef636e2d4.png
[05-01-2026 09:29:29] Checking 2ab4e32c-7b90-45dd-920f-9e92df53c481.png
[05-01-2026 09:29:29] Checking 2a4c47d6-d980-4b85-95cf-c7abbd66946c.png
[05-01-2026 09:29:29] Checking 206ab3e1-98ad-497e-b57a-316f530f7e9c.png
[05-01-2026 09:29:29] Checking 1da62395-af1e-4a57-9f80-ed8171ed4ca5.png
[05-01-2026 09:29:29] Checking 1a2cae4c-d54a-41c4-8490-3d2f38e89cc1.png
[05-01-2026 09:29:29] Checking 169373d3-06b5-4780-a458-b4d566bccdcc.png
[05-01-2026 09:29:29] Checking 135e73d7-a372-46da-94a1-237f84a5bd20.png
[05-01-2026 09:29:29] Checking 1257cb62-78a4-45d5-a7e9-82ad63d6b384.png
[05-01-2026 09:29:29] Checking 0f11a040-a3ab-4d2a-a38b-3128b66e280d.png
[05-01-2026 09:29:29] Checking 0ea2a6c8-ef68-4e81-8f50-725ac4e0168e.png
[05-01-2026 09:29:29] Checking 0349c424-6f39-4f3a-94ae-ce2f107396cd.png
[05-01-2026 09:29:29] Checking 02596bfc-fab9-4e6a-9ac6-b71f43633b12.png
[05-01-2026 09:29:29] Current parent directory: C:/Users/silvi/GameMakerProjects/RoboBitch/sprites/spr_BusCardGif/layers
[05-01-2026 09:29:29] Checking f9165310-25cb-4a2c-a44a-302baddc0696
[05-01-2026 09:29:29] Directory: C:/Users/silvi/GameMakerProjects/RoboBitch/sprites/spr_BusCardGif/layers/f9165310-25cb-4a2c-a44a-302baddc0696
[05-01-2026 09:29:29] Checking e7511c1a-b39e-4cd3-aa4a-7965db2c818f
[05-01-2026 09:29:29] Directory: C:/Users/silvi/GameMakerProjects/RoboBitch/sprites/spr_BusCardGif/layers/e7511c1a-b39e-4cd3-aa4a-7965db2c818f
[05-01-2026 09:29:29] Checking e6a3ac71-208a-48e6-bcd3-6a02c72c5f2d
[05-01-2026 09:29:29] Directory: C:/Users/silvi/GameMakerProjects/RoboBitch/sprites/spr_BusCardGif/layers/e6a3ac71-208a-48e6-bcd3-6a02c72c5f2d
[05-01-2026 09:29:29] Checking e16057d1-5809-4bb1-9e18-8b61b640f782
[05-01-2026 09:29:29] Directory: C:/Users/silvi/GameMakerProjects/RoboBitch/sprites/spr_BusCardGif/layers/e16057d1-5809-4bb1-9e18-8b61b640f782
[05-01-2026 09:29:29] Checking e111ccdc-4617-4c59-bbe7-145b8b69bc45
[05-01-2026 09:29:29] Directory: C:/Users/silvi/GameMakerProjects/RoboBitch/sprites/spr_BusCardGif/layers/e111ccdc-4617-4c59-bbe7-145b8b69bc45
[05-01-2026 09:29:29] Checking e10afec3-85cc-444d-99c3-a007dd684509
[05-01-2026 09:29:29] Directory: C:/Users/silvi/GameMakerProjects/RoboBitch/sprites/spr_BusCardGif/layers/e10afec3-85cc-444d-99c3-a007dd684509
[05-01-2026 09:29:29] Checking dbe14d21-0bfa-456e-896f-e6f3c613dfbc
[05-01-2026 09:29:29] Directory: C:/Users/silvi/GameMakerProjects/RoboBitch/sprites/spr_BusCardGif/layers/dbe14d21-0bfa-456e-896f-e6f3c613dfbc
[05-01-2026 09:29:29] Checking d9b99242-f184-48ab-a9ae-bcc4036245e0
[05-01-2026 09:29:29] Directory: C:/Users/silvi/GameMakerProjects/RoboBitch/sprites/spr_BusCardGif/layers/d9b99242-f184-48ab-a9ae-bcc4036245e0
[05-01-2026 09:29:29] Checking d3a6a6b0-8e66-4003-b09a-29cccf0bafc7
[05-01-2026 09:29:29] Directory: C:/Users/silvi/GameMakerProjects/RoboBitch/sprites/spr_BusCardGif/layers/d3a6a6b0-8e66-4003-b09a-29cccf0bafc7
[05-01-2026 09:29:29] Checking ce1b8131-ba20-4094-a99c-b2d40392c009
[05-01-2026 09:29:29] Directory: C:/Users/silvi/GameMakerProjects/RoboBitch/sprites/spr_BusCardGif/layers/ce1b8131-ba20-4094-a99c-b2d40392c009
[05-01-2026 09:29:29] Checking cdf35f88-4391-47d2-85cf-0ec7aadd5638
[05-01-2026 09:29:29] Directory: C:/Users/silvi/GameMakerProjects/RoboBitch/sprites/spr_BusCardGif/layers/cdf35f88-4391-47d2-85cf-0ec7aadd5638
[05-01-2026 09:29:29] Checking c96f2e0e-bed7-4d24-a0b5-bcda195eb593
[05-01-2026 09:29:29] Directory: C:/Users/silvi/GameMakerProjects/RoboBitch/sprites/spr_BusCardGif/layers/c96f2e0e-bed7-4d24-a0b5-bcda195eb593
[05-01-2026 09:29:29] Checking c57b4623-a25e-4958-a61b-73ac55da6224
[05-01-2026 09:29:29] Directory: C:/Users/silvi/GameMakerProjects/RoboBitch/sprites/spr_BusCardGif/layers/c57b4623-a25e-4958-a61b-73ac55da6224
[05-01-2026 09:29:29] Checking b8266c8c-c2f1-4943-bda2-813585b712a2
[05-01-2026 09:29:29] Directory: C:/Users/silvi/GameMakerProjects/RoboBitch/sprites/spr_BusCardGif/layers/b8266c8c-c2f1-4943-bda2-813585b712a2
[05-01-2026 09:29:29] Checking b75e11f7-d649-4a67-8e33-00eb315b596f
[05-01-2026 09:29:29] Directory: C:/Users/silvi/GameMakerProjects/RoboBitch/sprites/spr_BusCardGif/layers/b75e11f7-d649-4a67-8e33-00eb315b596f
[05-01-2026 09:29:29] Checking b56acf2d-4614-4729-bf5d-23ac90f7be61
[05-01-2026 09:29:29] Directory: C:/Users/silvi/GameMakerProjects/RoboBitch/sprites/spr_BusCardGif/layers/b56acf2d-4614-4729-bf5d-23ac90f7be61
[05-01-2026 09:29:29] Checking b4fbc7ed-73a8-4fab-aa8a-9347563d0327
[05-01-2026 09:29:29] Directory: C:/Users/silvi/GameMakerProjects/RoboBitch/sprites/spr_BusCardGif/layers/b4fbc7ed-73a8-4fab-aa8a-9347563d0327
[05-01-2026 09:29:29] Checking b4ebc5bb-1b3f-4413-ba3c-1cde379bc10f
[05-01-2026 09:29:29] Directory: C:/Users/silvi/GameMakerProjects/RoboBitch/sprites/spr_BusCardGif/layers/b4ebc5bb-1b3f-4413-ba3c-1cde379bc10f
[05-01-2026 09:29:29] Checking b02a0658-8203-44d1-adfc-df42ef253275
[05-01-2026 09:29:29] Directory: C:/Users/silvi/GameMakerProjects/RoboBitch/sprites/spr_BusCardGif/layers/b02a0658-8203-44d1-adfc-df42ef253275
[05-01-2026 09:29:29] Checking a2126317-6927-4bdd-94f9-2d94e141129b
[05-01-2026 09:29:29] Directory: C:/Users/silvi/GameMakerProjects/RoboBitch/sprites/spr_BusCardGif/layers/a2126317-6927-4bdd-94f9-2d94e141129b
[05-01-2026 09:29:29] Checking a02b7dd5-e8ce-4515-85ea-43138cda2bf0
[05-01-2026 09:29:29] Directory: C:/Users/silvi/GameMakerProjects/RoboBitch/sprites/spr_BusCardGif/layers/a02b7dd5-e8ce-4515-85ea-43138cda2bf0
[05-01-2026 09:29:29] Checking 94273d26-5d95-4a19-a591-1f2ff63addfe
[05-01-2026 09:29:29] Directory: C:/Users/silvi/GameMakerProjects/RoboBitch/sprites/spr_BusCardGif/layers/94273d26-5d95-4a19-a591-1f2ff63addfe
[05-01-2026 09:29:29] Checking 90cde271-13ae-4d51-90e4-60513ce2520f
[05-01-2026 09:29:29] Directory: C:/Users/silvi/GameMakerProjects/RoboBitch/sprites/spr_BusCardGif/layers/90cde271-13ae-4d51-90e4-60513ce2520f
[05-01-2026 09:29:29] Checking 8f052fa9-82b0-4902-b514-21c673b13300
[05-01-2026 09:29:29] Directory: C:/Users/silvi/GameMakerProjects/RoboBitch/sprites/spr_BusCardGif/layers/8f052fa9-82b0-4902-b514-21c673b13300
[05-01-2026 09:29:29] Checking 87194e9c-8215-4a4f-9555-8dd7e45b1ad4
[05-01-2026 09:29:29] Directory: C:/Users/silvi/GameMakerProjects/RoboBitch/sprites/spr_BusCardGif/layers/87194e9c-8215-4a4f-9555-8dd7e45b1ad4
[05-01-2026 09:29:29] Checking 87171f3b-633f-4895-a0e3-604b6ed0a963
[05-01-2026 09:29:29] Directory: C:/Users/silvi/GameMakerProjects/RoboBitch/sprites/spr_BusCardGif/layers/87171f3b-633f-4895-a0e3-604b6ed0a963
[05-01-2026 09:29:29] Checking 83611304-a890-4da4-9bae-c851a88428dc
[05-01-2026 09:29:29] Directory: C:/Users/silvi/GameMakerProjects/RoboBitch/sprites/spr_BusCardGif/layers/83611304-a890-4da4-9bae-c851a88428dc
[05-01-2026 09:29:29] Checking 8341927e-4221-4bc4-8f7c-cc5fbbc730a1
[05-01-2026 09:29:29] Directory: C:/Users/silvi/GameMakerProjects/RoboBitch/sprites/spr_BusCardGif/layers/8341927e-4221-4bc4-8f7c-cc5fbbc730a1
[05-01-2026 09:29:29] Checking 7de58a45-78a5-4fa6-9582-97a56f8638d0
[05-01-2026 09:29:29] Directory: C:/Users/silvi/GameMakerProjects/RoboBitch/sprites/spr_BusCardGif/layers/7de58a45-78a5-4fa6-9582-97a56f8638d0
[05-01-2026 09:29:29] Checking 7dd50eab-5c84-4dd7-b71d-ba67b219bbb4
[05-01-2026 09:29:29] Directory: C:/Users/silvi/GameMakerProjects/RoboBitch/sprites/spr_BusCardGif/layers/7dd50eab-5c84-4dd7-b71d-ba67b219bbb4
[05-01-2026 09:29:29] Checking 78bfce06-d4d5-488c-ac59-dd0a56e4b00e
[05-01-2026 09:29:29] Directory: C:/Users/silvi/GameMakerProjects/RoboBitch/sprites/spr_BusCardGif/layers/78bfce06-d4d5-488c-ac59-dd0a56e4b00e
[05-01-2026 09:29:29] Checking 73695ef6-53ab-41e3-9e56-06dd0ae27565
[05-01-2026 09:29:29] Directory: C:/Users/silvi/GameMakerProjects/RoboBitch/sprites/spr_BusCardGif/layers/73695ef6-53ab-41e3-9e56-06dd0ae27565
[05-01-2026 09:29:29] Checking 71fae104-e04a-4f62-871d-262dec7df578
[05-01-2026 09:29:29] Directory: C:/Users/silvi/GameMakerProjects/RoboBitch/sprites/spr_BusCardGif/layers/71fae104-e04a-4f62-871d-262dec7df578
[05-01-2026 09:29:29] Checking 714fa583-dd18-43c6-87f4-2c0c27b8e3f2
[05-01-2026 09:29:29] Directory: C:/Users/silvi/GameMakerProjects/RoboBitch/sprites/spr_BusCardGif/layers/714fa583-dd18-43c6-87f4-2c0c27b8e3f2
[05-01-2026 09:29:29] Checking 6a2d03e8-7b46-42b5-af4d-381fa6759b13
[05-01-2026 09:29:29] Directory: C:/Users/silvi/GameMakerProjects/RoboBitch/sprites/spr_BusCardGif/layers/6a2d03e8-7b46-42b5-af4d-381fa6759b13
[05-01-2026 09:29:29] Checking 5f19d76c-4e25-46dc-97fe-60621b18f014
[05-01-2026 09:29:29] Directory: C:/Users/silvi/GameMakerProjects/RoboBitch/sprites/spr_BusCardGif/layers/5f19d76c-4e25-46dc-97fe-60621b18f014
[05-01-2026 09:29:29] Checking 5c53ef33-3853-4ac5-92a5-1336a80e1cb1
[05-01-2026 09:29:29] Directory: C:/Users/silvi/GameMakerProjects/RoboBitch/sprites/spr_BusCardGif/layers/5c53ef33-3853-4ac5-92a5-1336a80e1cb1
[05-01-2026 09:29:29] Checking 59c2ad4a-7766-41c0-a9a5-3cd4e5dab39d
[05-01-2026 09:29:29] Directory: C:/Users/silvi/GameMakerProjects/RoboBitch/sprites/spr_BusCardGif/layers/59c2ad4a-7766-41c0-a9a5-3cd4e5dab39d
[05-01-2026 09:29:29] Checking 54702e0f-dd3c-4960-b15e-f205baf3b1f9
[05-01-2026 09:29:29] Directory: C:/Users/silvi/GameMakerProjects/RoboBitch/sprites/spr_BusCardGif/layers/54702e0f-dd3c-4960-b15e-f205baf3b1f9
[05-01-2026 09:29:29] Checking 53cc498b-4657-4d5e-9153-d17b504decdd
[05-01-2026 09:29:29] Directory: C:/Users/silvi/GameMakerProjects/RoboBitch/sprites/spr_BusCardGif/layers/53cc498b-4657-4d5e-9153-d17b504decdd
[05-01-2026 09:29:29] Checking 5355ba23-7c1c-4993-9885-ac7bcc75ea01
[05-01-2026 09:29:29] Directory: C:/Users/silvi/GameMakerProjects/RoboBitch/sprites/spr_BusCardGif/layers/5355ba23-7c1c-4993-9885-ac7bcc75ea01
[05-01-2026 09:29:29] Checking 4edeeb6c-c054-4d3f-a155-ab522b5b92cf
[05-01-2026 09:29:29] Directory: C:/Users/silvi/GameMakerProjects/RoboBitch/sprites/spr_BusCardGif/layers/4edeeb6c-c054-4d3f-a155-ab522b5b92cf
[05-01-2026 09:29:29] Checking 4bd363b5-79dc-4377-a0ab-d1b588b6762f
[05-01-2026 09:29:29] Directory: C:/Users/silvi/GameMakerProjects/RoboBitch/sprites/spr_BusCardGif/layers/4bd363b5-79dc-4377-a0ab-d1b588b6762f
[05-01-2026 09:29:29] Checking 470ee071-5c17-4060-9e8d-0b7901b90b5c
[05-01-2026 09:29:29] Directory: C:/Users/silvi/GameMakerProjects/RoboBitch/sprites/spr_BusCardGif/layers/470ee071-5c17-4060-9e8d-0b7901b90b5c
[05-01-2026 09:29:29] Checking 45f46ee0-3eaf-48a0-a0d3-49e332a7ae50
[05-01-2026 09:29:29] Directory: C:/Users/silvi/GameMakerProjects/RoboBitch/sprites/spr_BusCardGif/layers/45f46ee0-3eaf-48a0-a0d3-49e332a7ae50
[05-01-2026 09:29:29] Checking 3fce10bc-cf6f-4063-b8d2-5d0ad24fd5ab
[05-01-2026 09:29:29] Directory: C:/Users/silvi/GameMakerProjects/RoboBitch/sprites/spr_BusCardGif/layers/3fce10bc-cf6f-4063-b8d2-5d0ad24fd5ab
[05-01-2026 09:29:29] Checking 3cf3c529-20b8-4fba-94c5-5cc85d26d602
[05-01-2026 09:29:29] Directory: C:/Users/silvi/GameMakerProjects/RoboBitch/sprites/spr_BusCardGif/layers/3cf3c529-20b8-4fba-94c5-5cc85d26d602
[05-01-2026 09:29:29] Checking 376c6ace-7050-49d2-857c-c9c9a10aafc1
[05-01-2026 09:29:29] Directory: C:/Users/silvi/GameMakerProjects/RoboBitch/sprites/spr_BusCardGif/layers/376c6ace-7050-49d2-857c-c9c9a10aafc1
[05-01-2026 09:29:29] Checking 36aed896-875c-46a8-af86-24540339c3ff
[05-01-2026 09:29:29] Directory: C:/Users/silvi/GameMakerProjects/RoboBitch/sprites/spr_BusCardGif/layers/36aed896-875c-46a8-af86-24540339c3ff
[05-01-2026 09:29:29] Checking 3621c322-3f71-4062-bce3-9ff9029fe83f
[05-01-2026 09:29:29] Directory: C:/Users/silvi/GameMakerProjects/RoboBitch/sprites/spr_BusCardGif/layers/3621c322-3f71-4062-bce3-9ff9029fe83f
[05-01-2026 09:29:29] Checking 31a2b577-e707-4b19-848c-80a5ede629fb
[05-01-2026 09:29:29] Directory: C:/Users/silvi/GameMakerProjects/RoboBitch/sprites/spr_BusCardGif/layers/31a2b577-e707-4b19-848c-80a5ede629fb
[05-01-2026 09:29:29] Checking 300615b6-9928-47b1-8c38-acaef636e2d4
[05-01-2026 09:29:29] Directory: C:/Users/silvi/GameMakerProjects/RoboBitch/sprites/spr_BusCardGif/layers/300615b6-9928-47b1-8c38-acaef636e2d4
[05-01-2026 09:29:29] Checking 2ab4e32c-7b90-45dd-920f-9e92df53c481
[05-01-2026 09:29:29] Directory: C:/Users/silvi/GameMakerProjects/RoboBitch/sprites/spr_BusCardGif/layers/2ab4e32c-7b90-45dd-920f-9e92df53c481
[05-01-2026 09:29:29] Checking 2a4c47d6-d980-4b85-95cf-c7abbd66946c
[05-01-2026 09:29:29] Directory: C:/Users/silvi/GameMakerProjects/RoboBitch/sprites/spr_BusCardGif/layers/2a4c47d6-d980-4b85-95cf-c7abbd66946c
[05-01-2026 09:29:29] Checking 206ab3e1-98ad-497e-b57a-316f530f7e9c
[05-01-2026 09:29:29] Directory: C:/Users/silvi/GameMakerProjects/RoboBitch/sprites/spr_BusCardGif/layers/206ab3e1-98ad-497e-b57a-316f530f7e9c
[05-01-2026 09:29:29] Checking 1da62395-af1e-4a57-9f80-ed8171ed4ca5
[05-01-2026 09:29:29] Directory: C:/Users/silvi/GameMakerProjects/RoboBitch/sprites/spr_BusCardGif/layers/1da62395-af1e-4a57-9f80-ed8171ed4ca5
[05-01-2026 09:29:29] Checking 1a2cae4c-d54a-41c4-8490-3d2f38e89cc1
[05-01-2026 09:29:29] Directory: C:/Users/silvi/GameMakerProjects/RoboBitch/sprites/spr_BusCardGif/layers/1a2cae4c-d54a-41c4-8490-3d2f38e89cc1
[05-01-2026 09:29:29] Checking 169373d3-06b5-4780-a458-b4d566bccdcc
[05-01-2026 09:29:29] Directory: C:/Users/silvi/GameMakerProjects/RoboBitch/sprites/spr_BusCardGif/layers/169373d3-06b5-4780-a458-b4d566bccdcc
[05-01-2026 09:29:29] Checking 135e73d7-a372-46da-94a1-237f84a5bd20
[05-01-2026 09:29:29] Directory: C:/Users/silvi/GameMakerProjects/RoboBitch/sprites/spr_BusCardGif/layers/135e73d7-a372-46da-94a1-237f84a5bd20
[05-01-2026 09:29:29] Checking 1257cb62-78a4-45d5-a7e9-82ad63d6b384
[05-01-2026 09:29:29] Directory: C:/Users/silvi/GameMakerProjects/RoboBitch/sprites/spr_BusCardGif/layers/1257cb62-78a4-45d5-a7e9-82ad63d6b384
[05-01-2026 09:29:29] Checking 0f11a040-a3ab-4d2a-a38b-3128b66e280d
[05-01-2026 09:29:29] Directory: C:/Users/silvi/GameMakerProjects/RoboBitch/sprites/spr_BusCardGif/layers/0f11a040-a3ab-4d2a-a38b-3128b66e280d
[05-01-2026 09:29:29] Checking 0ea2a6c8-ef68-4e81-8f50-725ac4e0168e
[05-01-2026 09:29:29] Directory: C:/Users/silvi/GameMakerProjects/RoboBitch/sprites/spr_BusCardGif/layers/0ea2a6c8-ef68-4e81-8f50-725ac4e0168e
[05-01-2026 09:29:29] Checking 0349c424-6f39-4f3a-94ae-ce2f107396cd
[05-01-2026 09:29:29] Directory: C:/Users/silvi/GameMakerProjects/RoboBitch/sprites/spr_BusCardGif/layers/0349c424-6f39-4f3a-94ae-ce2f107396cd
[05-01-2026 09:29:29] Checking 02596bfc-fab9-4e6a-9ac6-b71f43633b12
[05-01-2026 09:29:29] Directory: C:/Users/silvi/GameMakerProjects/RoboBitch/sprites/spr_BusCardGif/layers/02596bfc-fab9-4e6a-9ac6-b71f43633b12
[05-01-2026 09:29:29] Current parent directory: C:/Users/silvi/GameMakerProjects/RoboBitch/sprites/spr_BusCardGif/layers/02596bfc-fab9-4e6a-9ac6-b71f43633b12
[05-01-2026 09:29:29] Checking c7845d9e-ac1f-436a-8784-1de88cd92f01.png
[05-01-2026 09:29:29] Current parent directory: C:/Users/silvi/GameMakerProjects/RoboBitch/sprites/spr_BusCardGif/layers/0349c424-6f39-4f3a-94ae-ce2f107396cd
[05-01-2026 09:29:29] Checking c7845d9e-ac1f-436a-8784-1de88cd92f01.png
[05-01-2026 09:29:29] Current parent directory: C:/Users/silvi/GameMakerProjects/RoboBitch/sprites/spr_BusCardGif/layers/0ea2a6c8-ef68-4e81-8f50-725ac4e0168e
[05-01-2026 09:29:29] Checking c7845d9e-ac1f-436a-8784-1de88cd92f01.png
[05-01-2026 09:29:29] Current parent directory: C:/Users/silvi/GameMakerProjects/RoboBitch/sprites/spr_BusCardGif/layers/0f11a040-a3ab-4d2a-a38b-3128b66e280d
[05-01-2026 09:29:29] Checking c7845d9e-ac1f-436a-8784-1de88cd92f01.png
[05-01-2026 09:29:29] Current parent directory: C:/Users/silvi/GameMakerProjects/RoboBitch/sprites/spr_BusCardGif/layers/1257cb62-78a4-45d5-a7e9-82ad63d6b384
[05-01-2026 09:29:29] Checking c7845d9e-ac1f-436a-8784-1de88cd92f01.png
[05-01-2026 09:29:29] Current parent directory: C:/Users/silvi/GameMakerProjects/RoboBitch/sprites/spr_BusCardGif/layers/135e73d7-a372-46da-94a1-237f84a5bd20
[05-01-2026 09:29:29] Checking c7845d9e-ac1f-436a-8784-1de88cd92f01.png
[05-01-2026 09:29:29] Current parent directory: C:/Users/silvi/GameMakerProjects/RoboBitch/sprites/spr_BusCardGif/layers/169373d3-06b5-4780-a458-b4d566bccdcc
[05-01-2026 09:29:29] Checking c7845d9e-ac1f-436a-8784-1de88cd92f01.png
[05-01-2026 09:29:29] Current parent directory: C:/Users/silvi/GameMakerProjects/RoboBitch/sprites/spr_BusCardGif/layers/1a2cae4c-d54a-41c4-8490-3d2f38e89cc1
[05-01-2026 09:29:29] Checking c7845d9e-ac1f-436a-8784-1de88cd92f01.png
[05-01-2026 09:29:29] Current parent directory: C:/Users/silvi/GameMakerProjects/RoboBitch/sprites/spr_BusCardGif/layers/1da62395-af1e-4a57-9f80-ed8171ed4ca5
[05-01-2026 09:29:29] Checking c7845d9e-ac1f-436a-8784-1de88cd92f01.png
[05-01-2026 09:29:29] Current parent directory: C:/Users/silvi/GameMakerProjects/RoboBitch/sprites/spr_BusCardGif/layers/206ab3e1-98ad-497e-b57a-316f530f7e9c
[05-01-2026 09:29:29] Checking c7845d9e-ac1f-436a-8784-1de88cd92f01.png
[05-01-2026 09:29:29] Current parent directory: C:/Users/silvi/GameMakerProjects/RoboBitch/sprites/spr_BusCardGif/layers/2a4c47d6-d980-4b85-95cf-c7abbd66946c
[05-01-2026 09:29:29] Checking c7845d9e-ac1f-436a-8784-1de88cd92f01.png
[05-01-2026 09:29:29] Current parent directory: C:/Users/silvi/GameMakerProjects/RoboBitch/sprites/spr_BusCardGif/layers/2ab4e32c-7b90-45dd-920f-9e92df53c481
[05-01-2026 09:29:29] Checking c7845d9e-ac1f-436a-8784-1de88cd92f01.png
[05-01-2026 09:29:29] Current parent directory: C:/Users/silvi/GameMakerProjects/RoboBitch/sprites/spr_BusCardGif/layers/300615b6-9928-47b1-8c38-acaef636e2d4
[05-01-2026 09:29:29] Checking c7845d9e-ac1f-436a-8784-1de88cd92f01.png
[05-01-2026 09:29:29] Current parent directory: C:/Users/silvi/GameMakerProjects/RoboBitch/sprites/spr_BusCardGif/layers/31a2b577-e707-4b19-848c-80a5ede629fb
[05-01-2026 09:29:29] Checking c7845d9e-ac1f-436a-8784-1de88cd92f01.png
[05-01-2026 09:29:29] Current parent directory: C:/Users/silvi/GameMakerProjects/RoboBitch/sprites/spr_BusCardGif/layers/3621c322-3f71-4062-bce3-9ff9029fe83f
[05-01-2026 09:29:29] Checking c7845d9e-ac1f-436a-8784-1de88cd92f01.png
[05-01-2026 09:29:29] Current parent directory: C:/Users/silvi/GameMakerProjects/RoboBitch/sprites/spr_BusCardGif/layers/36aed896-875c-46a8-af86-24540339c3ff
[05-01-2026 09:29:29] Checking c7845d9e-ac1f-436a-8784-1de88cd92f01.png
[05-01-2026 09:29:29] Current parent directory: C:/Users/silvi/GameMakerProjects/RoboBitch/sprites/spr_BusCardGif/layers/376c6ace-7050-49d2-857c-c9c9a10aafc1
[05-01-2026 09:29:29] Checking c7845d9e-ac1f-436a-8784-1de88cd92f01.png
[05-01-2026 09:29:29] Current parent directory: C:/Users/silvi/GameMakerProjects/RoboBitch/sprites/spr_BusCardGif/layers/3cf3c529-20b8-4fba-94c5-5cc85d26d602
[05-01-2026 09:29:29] Checking c7845d9e-ac1f-436a-8784-1de88cd92f01.png
[05-01-2026 09:29:29] Current parent directory: C:/Users/silvi/GameMakerProjects/RoboBitch/sprites/spr_BusCardGif/layers/3fce10bc-cf6f-4063-b8d2-5d0ad24fd5ab
[05-01-2026 09:29:29] Checking c7845d9e-ac1f-436a-8784-1de88cd92f01.png
[05-01-2026 09:29:29] Current parent directory: C:/Users/silvi/GameMakerProjects/RoboBitch/sprites/spr_BusCardGif/layers/45f46ee0-3eaf-48a0-a0d3-49e332a7ae50
[05-01-2026 09:29:29] Checking c7845d9e-ac1f-436a-8784-1de88cd92f01.png
[05-01-2026 09:29:29] Current parent directory: C:/Users/silvi/GameMakerProjects/RoboBitch/sprites/spr_BusCardGif/layers/470ee071-5c17-4060-9e8d-0b7901b90b5c
[05-01-2026 09:29:29] Checking c7845d9e-ac1f-436a-8784-1de88cd92f01.png
[05-01-2026 09:29:29] Current parent directory: C:/Users/silvi/GameMakerProjects/RoboBitch/sprites/spr_BusCardGif/layers/4bd363b5-79dc-4377-a0ab-d1b588b6762f
[05-01-2026 09:29:29] Checking c7845d9e-ac1f-436a-8784-1de88cd92f01.png
[05-01-2026 09:29:29] Current parent directory: C:/Users/silvi/GameMakerProjects/RoboBitch/sprites/spr_BusCardGif/layers/4edeeb6c-c054-4d3f-a155-ab522b5b92cf
[05-01-2026 09:29:29] Checking c7845d9e-ac1f-436a-8784-1de88cd92f01.png
[05-01-2026 09:29:29] Current parent directory: C:/Users/silvi/GameMakerProjects/RoboBitch/sprites/spr_BusCardGif/layers/5355ba23-7c1c-4993-9885-ac7bcc75ea01
[05-01-2026 09:29:29] Checking c7845d9e-ac1f-436a-8784-1de88cd92f01.png
[05-01-2026 09:29:29] Current parent directory: C:/Users/silvi/GameMakerProjects/RoboBitch/sprites/spr_BusCardGif/layers/53cc498b-4657-4d5e-9153-d17b504decdd
[05-01-2026 09:29:29] Checking c7845d9e-ac1f-436a-8784-1de88cd92f01.png
[05-01-2026 09:29:29] Current parent directory: C:/Users/silvi/GameMakerProjects/RoboBitch/sprites/spr_BusCardGif/layers/54702e0f-dd3c-4960-b15e-f205baf3b1f9
[05-01-2026 09:29:29] Checking c7845d9e-ac1f-436a-8784-1de88cd92f01.png
[05-01-2026 09:29:29] Current parent directory: C:/Users/silvi/GameMakerProjects/RoboBitch/sprites/spr_BusCardGif/layers/59c2ad4a-7766-41c0-a9a5-3cd4e5dab39d
[05-01-2026 09:29:29] Checking c7845d9e-ac1f-436a-8784-1de88cd92f01.png
[05-01-2026 09:29:29] Current parent directory: C:/Users/silvi/GameMakerProjects/RoboBitch/sprites/spr_BusCardGif/layers/5c53ef33-3853-4ac5-92a5-1336a80e1cb1
[05-01-2026 09:29:29] Checking c7845d9e-ac1f-436a-8784-1de88cd92f01.png
[05-01-2026 09:29:29] Current parent directory: C:/Users/silvi/GameMakerProjects/RoboBitch/sprites/spr_BusCardGif/layers/5f19d76c-4e25-46dc-97fe-60621b18f014
[05-01-2026 09:29:29] Checking c7845d9e-ac1f-436a-8784-1de88cd92f01.png
[05-01-2026 09:29:29] Current parent directory: C:/Users/silvi/GameMakerProjects/RoboBitch/sprites/spr_BusCardGif/layers/6a2d03e8-7b46-42b5-af4d-381fa6759b13
[05-01-2026 09:29:29] Checking c7845d9e-ac1f-436a-8784-1de88cd92f01.png
[05-01-2026 09:29:29] Current parent directory: C:/Users/silvi/GameMakerProjects/RoboBitch/sprites/spr_BusCardGif/layers/714fa583-dd18-43c6-87f4-2c0c27b8e3f2
[05-01-2026 09:29:29] Checking c7845d9e-ac1f-436a-8784-1de88cd92f01.png
[05-01-2026 09:29:29] Current parent directory: C:/Users/silvi/GameMakerProjects/RoboBitch/sprites/spr_BusCardGif/layers/71fae104-e04a-4f62-871d-262dec7df578
[05-01-2026 09:29:29] Checking c7845d9e-ac1f-436a-8784-1de88cd92f01.png
[05-01-2026 09:29:29] Current parent directory: C:/Users/silvi/GameMakerProjects/RoboBitch/sprites/spr_BusCardGif/layers/73695ef6-53ab-41e3-9e56-06dd0ae27565
[05-01-2026 09:29:29] Checking c7845d9e-ac1f-436a-8784-1de88cd92f01.png
[05-01-2026 09:29:29] Current parent directory: C:/Users/silvi/GameMakerProjects/RoboBitch/sprites/spr_BusCardGif/layers/78bfce06-d4d5-488c-ac59-dd0a56e4b00e
[05-01-2026 09:29:29] Checking bdc0b1af-685a-47c0-9f2e-b1326308ed16.png
[05-01-2026 09:29:29] Current parent directory: C:/Users/silvi/GameMakerProjects/RoboBitch/sprites/spr_BusCardGif/layers/7dd50eab-5c84-4dd7-b71d-ba67b219bbb4
[05-01-2026 09:29:29] Checking c7845d9e-ac1f-436a-8784-1de88cd92f01.png
[05-01-2026 09:29:29] Current parent directory: C:/Users/silvi/GameMakerProjects/RoboBitch/sprites/spr_BusCardGif/layers/7de58a45-78a5-4fa6-9582-97a56f8638d0
[05-01-2026 09:29:29] Checking c7845d9e-ac1f-436a-8784-1de88cd92f01.png
[05-01-2026 09:29:29] Current parent directory: C:/Users/silvi/GameMakerProjects/RoboBitch/sprites/spr_BusCardGif/layers/8341927e-4221-4bc4-8f7c-cc5fbbc730a1
[05-01-2026 09:29:29] Checking c7845d9e-ac1f-436a-8784-1de88cd92f01.png
[05-01-2026 09:29:29] Current parent directory: C:/Users/silvi/GameMakerProjects/RoboBitch/sprites/spr_BusCardGif/layers/83611304-a890-4da4-9bae-c851a88428dc
[05-01-2026 09:29:29] Checking c7845d9e-ac1f-436a-8784-1de88cd92f01.png
[05-01-2026 09:29:29] Current parent directory: C:/Users/silvi/GameMakerProjects/RoboBitch/sprites/spr_BusCardGif/layers/87171f3b-633f-4895-a0e3-604b6ed0a963
[05-01-2026 09:29:29] Checking c7845d9e-ac1f-436a-8784-1de88cd92f01.png
[05-01-2026 09:29:29] Current parent directory: C:/Users/silvi/GameMakerProjects/RoboBitch/sprites/spr_BusCardGif/layers/87194e9c-8215-4a4f-9555-8dd7e45b1ad4
[05-01-2026 09:29:29] Checking c7845d9e-ac1f-436a-8784-1de88cd92f01.png
[05-01-2026 09:29:29] Current parent directory: C:/Users/silvi/GameMakerProjects/RoboBitch/sprites/spr_BusCardGif/layers/8f052fa9-82b0-4902-b514-21c673b13300
[05-01-2026 09:29:29] Checking c7845d9e-ac1f-436a-8784-1de88cd92f01.png
[05-01-2026 09:29:29] Current parent directory: C:/Users/silvi/GameMakerProjects/RoboBitch/sprites/spr_BusCardGif/layers/90cde271-13ae-4d51-90e4-60513ce2520f
[05-01-2026 09:29:29] Checking c7845d9e-ac1f-436a-8784-1de88cd92f01.png
[05-01-2026 09:29:29] Current parent directory: C:/Users/silvi/GameMakerProjects/RoboBitch/sprites/spr_BusCardGif/layers/94273d26-5d95-4a19-a591-1f2ff63addfe
[05-01-2026 09:29:29] Checking c7845d9e-ac1f-436a-8784-1de88cd92f01.png
[05-01-2026 09:29:29] Current parent directory: C:/Users/silvi/GameMakerProjects/RoboBitch/sprites/spr_BusCardGif/layers/a02b7dd5-e8ce-4515-85ea-43138cda2bf0
[05-01-2026 09:29:29] Checking c7845d9e-ac1f-436a-8784-1de88cd92f01.png
[05-01-2026 09:29:29] Current parent directory: C:/Users/silvi/GameMakerProjects/RoboBitch/sprites/spr_BusCardGif/layers/a2126317-6927-4bdd-94f9-2d94e141129b
[05-01-2026 09:29:29] Checking c7845d9e-ac1f-436a-8784-1de88cd92f01.png
[05-01-2026 09:29:29] Current parent directory: C:/Users/silvi/GameMakerProjects/RoboBitch/sprites/spr_BusCardGif/layers/b02a0658-8203-44d1-adfc-df42ef253275
[05-01-2026 09:29:29] Checking c7845d9e-ac1f-436a-8784-1de88cd92f01.png
[05-01-2026 09:29:29] Current parent directory: C:/Users/silvi/GameMakerProjects/RoboBitch/sprites/spr_BusCardGif/layers/b4ebc5bb-1b3f-4413-ba3c-1cde379bc10f
[05-01-2026 09:29:29] Checking c7845d9e-ac1f-436a-8784-1de88cd92f01.png
[05-01-2026 09:29:29] Current parent directory: C:/Users/silvi/GameMakerProjects/RoboBitch/sprites/spr_BusCardGif/layers/b4fbc7ed-73a8-4fab-aa8a-9347563d0327
[05-01-2026 09:29:29] Checking c7845d9e-ac1f-436a-8784-1de88cd92f01.png
[05-01-2026 09:29:29] Current parent directory: C:/Users/silvi/GameMakerProjects/RoboBitch/sprites/spr_BusCardGif/layers/b56acf2d-4614-4729-bf5d-23ac90f7be61
[05-01-2026 09:29:29] Checking c7845d9e-ac1f-436a-8784-1de88cd92f01.png
[05-01-2026 09:29:29] Current parent directory: C:/Users/silvi/GameMakerProjects/RoboBitch/sprites/spr_BusCardGif/layers/b75e11f7-d649-4a67-8e33-00eb315b596f
[05-01-2026 09:29:29] Checking c7845d9e-ac1f-436a-8784-1de88cd92f01.png
[05-01-2026 09:29:29] Current parent directory: C:/Users/silvi/GameMakerProjects/RoboBitch/sprites/spr_BusCardGif/layers/b8266c8c-c2f1-4943-bda2-813585b712a2
[05-01-2026 09:29:29] Checking c7845d9e-ac1f-436a-8784-1de88cd92f01.png
[05-01-2026 09:29:29] Current parent directory: C:/Users/silvi/GameMakerProjects/RoboBitch/sprites/spr_BusCardGif/layers/c57b4623-a25e-4958-a61b-73ac55da6224
[05-01-2026 09:29:29] Checking c7845d9e-ac1f-436a-8784-1de88cd92f01.png
[05-01-2026 09:29:29] Current parent directory: C:/Users/silvi/GameMakerProjects/RoboBitch/sprites/spr_BusCardGif/layers/c96f2e0e-bed7-4d24-a0b5-bcda195eb593
[05-01-2026 09:29:29] Checking c7845d9e-ac1f-436a-8784-1de88cd92f01.png
[05-01-2026 09:29:29] Current parent directory: C:/Users/silvi/GameMakerProjects/RoboBitch/sprites/spr_BusCardGif/layers/cdf35f88-4391-47d2-85cf-0ec7aadd5638
[05-01-2026 09:29:29] Checking c7845d9e-ac1f-436a-8784-1de88cd92f01.png
[05-01-2026 09:29:29] Current parent directory: C:/Users/silvi/GameMakerProjects/RoboBitch/sprites/spr_BusCardGif/layers/ce1b8131-ba20-4094-a99c-b2d40392c009
[05-01-2026 09:29:29] Checking c7845d9e-ac1f-436a-8784-1de88cd92f01.png
[05-01-2026 09:29:29] Current parent directory: C:/Users/silvi/GameMakerProjects/RoboBitch/sprites/spr_BusCardGif/layers/d3a6a6b0-8e66-4003-b09a-29cccf0bafc7
[05-01-2026 09:29:29] Checking c7845d9e-ac1f-436a-8784-1de88cd92f01.png
[05-01-2026 09:29:29] Current parent directory: C:/Users/silvi/GameMakerProjects/RoboBitch/sprites/spr_BusCardGif/layers/d9b99242-f184-48ab-a9ae-bcc4036245e0
[05-01-2026 09:29:29] Checking c7845d9e-ac1f-436a-8784-1de88cd92f01.png
[05-01-2026 09:29:29] Current parent directory: C:/Users/silvi/GameMakerProjects/RoboBitch/sprites/spr_BusCardGif/layers/dbe14d21-0bfa-456e-896f-e6f3c613dfbc
[05-01-2026 09:29:29] Checking c7845d9e-ac1f-436a-8784-1de88cd92f01.png
[05-01-2026 09:29:29] Current parent directory: C:/Users/silvi/GameMakerProjects/RoboBitch/sprites/spr_BusCardGif/layers/e10afec3-85cc-444d-99c3-a007dd684509
[05-01-2026 09:29:29] Checking c7845d9e-ac1f-436a-8784-1de88cd92f01.png
[05-01-2026 09:29:29] Current parent directory: C:/Users/silvi/GameMakerProjects/RoboBitch/sprites/spr_BusCardGif/layers/e111ccdc-4617-4c59-bbe7-145b8b69bc45
[05-01-2026 09:29:29] Checking c7845d9e-ac1f-436a-8784-1de88cd92f01.png
[05-01-2026 09:29:29] Current parent directory: C:/Users/silvi/GameMakerProjects/RoboBitch/sprites/spr_BusCardGif/layers/e16057d1-5809-4bb1-9e18-8b61b640f782
[05-01-2026 09:29:29] Checking c7845d9e-ac1f-436a-8784-1de88cd92f01.png
[05-01-2026 09:29:29] Current parent directory: C:/Users/silvi/GameMakerProjects/RoboBitch/sprites/spr_BusCardGif/layers/e6a3ac71-208a-48e6-bcd3-6a02c72c5f2d
[05-01-2026 09:29:29] Checking c7845d9e-ac1f-436a-8784-1de88cd92f01.png
[05-01-2026 09:29:29] Current parent directory: C:/Users/silvi/GameMakerProjects/RoboBitch/sprites/spr_BusCardGif/layers/e7511c1a-b39e-4cd3-aa4a-7965db2c818f
[05-01-2026 09:29:29] Checking c7845d9e-ac1f-436a-8784-1de88cd92f01.png
[05-01-2026 09:29:29] Current parent directory: C:/Users/silvi/GameMakerProjects/RoboBitch/sprites/spr_BusCardGif/layers/f9165310-25cb-4a2c-a44a-302baddc0696
[05-01-2026 09:29:29] Checking c7845d9e-ac1f-436a-8784-1de88cd92f01.png
[05-01-2026 09:29:29] Current parent directory: C:/Users/silvi/GameMakerProjects/RoboBitch/sprites/spr_BusStop
[05-01-2026 09:29:29] Checking spr_BusStop.yy
[05-01-2026 09:29:29] Parsing C:/Users/silvi/GameMakerProjects/RoboBitch/sprites/spr_BusStop/spr_BusStop.yy
[05-01-2026 09:29:29] Reading C:/Users/silvi/GameMakerProjects/RoboBitch/sprites/spr_BusStop/spr_BusStop.yy
[05-01-2026 09:29:29] Par: "folders/Sprites/BGs" at dir: "C:/Users/silvi/GameMakerProjects/RoboBitch/sprites/spr_BusStop/spr_BusStop.yy"
[05-01-2026 09:29:29] Found Sprite: spr_BusStop
[05-01-2026 09:29:29] Checking layers
[05-01-2026 09:29:29] Directory: C:/Users/silvi/GameMakerProjects/RoboBitch/sprites/spr_BusStop/layers
[05-01-2026 09:29:29] Checking 9590bd63-e1fb-4c88-853b-746345bf3a20.png
[05-01-2026 09:29:29] Current parent directory: C:/Users/silvi/GameMakerProjects/RoboBitch/sprites/spr_BusStop/layers
[05-01-2026 09:29:29] Checking 9590bd63-e1fb-4c88-853b-746345bf3a20
[05-01-2026 09:29:29] Directory: C:/Users/silvi/GameMakerProjects/RoboBitch/sprites/spr_BusStop/layers/9590bd63-e1fb-4c88-853b-746345bf3a20
[05-01-2026 09:29:29] Current parent directory: C:/Users/silvi/GameMakerProjects/RoboBitch/sprites/spr_BusStop/layers/9590bd63-e1fb-4c88-853b-746345bf3a20
[05-01-2026 09:29:29] Checking 0306df3e-73a2-4ea9-8125-44495457c782.png
[05-01-2026 09:29:29] Current parent directory: C:/Users/silvi/GameMakerProjects/RoboBitch/sprites/spr_BusStopCM
[05-01-2026 09:29:29] Checking spr_BusStopCM.yy
[05-01-2026 09:29:29] Parsing C:/Users/silvi/GameMakerProjects/RoboBitch/sprites/spr_BusStopCM/spr_BusStopCM.yy
[05-01-2026 09:29:29] Reading C:/Users/silvi/GameMakerProjects/RoboBitch/sprites/spr_BusStopCM/spr_BusStopCM.yy
[05-01-2026 09:29:29] Par: "folders/Sprites/BGs/Collision Masks" at dir: "C:/Users/silvi/GameMakerProjects/RoboBitch/sprites/spr_BusStopCM/spr_BusStopCM.yy"
[05-01-2026 09:29:29] Found Sprite: spr_BusStopCM
[05-01-2026 09:29:29] Checking layers
[05-01-2026 09:29:29] Directory: C:/Users/silvi/GameMakerProjects/RoboBitch/sprites/spr_BusStopCM/layers
[05-01-2026 09:29:29] Checking 6fbd157e-f4a2-4e01-baf6-94cbca0380da.png
[05-01-2026 09:29:29] Current parent directory: C:/Users/silvi/GameMakerProjects/RoboBitch/sprites/spr_BusStopCM/layers
[05-01-2026 09:29:29] Checking 6fbd157e-f4a2-4e01-baf6-94cbca0380da
[05-01-2026 09:29:29] Directory: C:/Users/silvi/GameMakerProjects/RoboBitch/sprites/spr_BusStopCM/layers/6fbd157e-f4a2-4e01-baf6-94cbca0380da
[05-01-2026 09:29:29] Current parent directory: C:/Users/silvi/GameMakerProjects/RoboBitch/sprites/spr_BusStopCM/layers/6fbd157e-f4a2-4e01-baf6-94cbca0380da
[05-01-2026 09:29:29] Checking 1edc8f3b-b244-4b40-bc21-4ef173483c39.png
[05-01-2026 09:29:29] Current parent directory: C:/Users/silvi/GameMakerProjects/RoboBitch/sprites/spr_Captcha
[05-01-2026 09:29:29] Checking spr_Captcha.yy
[05-01-2026 09:29:29] Parsing C:/Users/silvi/GameMakerProjects/RoboBitch/sprites/spr_Captcha/spr_Captcha.yy
[05-01-2026 09:29:29] Reading C:/Users/silvi/GameMakerProjects/RoboBitch/sprites/spr_Captcha/spr_Captcha.yy
[05-01-2026 09:29:29] Par: "folders/Sprites/UI/Phone" at dir: "C:/Users/silvi/GameMakerProjects/RoboBitch/sprites/spr_Captcha/spr_Captcha.yy"
[05-01-2026 09:29:29] Found Sprite: spr_Captcha
[05-01-2026 09:29:29] Checking layers
[05-01-2026 09:29:29] Directory: C:/Users/silvi/GameMakerProjects/RoboBitch/sprites/spr_Captcha/layers
[05-01-2026 09:29:29] Checking 9e37e48a-a912-4bac-b0ec-701088e8f92d.png
[05-01-2026 09:29:29] Current parent directory: C:/Users/silvi/GameMakerProjects/RoboBitch/sprites/spr_Captcha/layers
[05-01-2026 09:29:29] Checking 9e37e48a-a912-4bac-b0ec-701088e8f92d
[05-01-2026 09:29:29] Directory: C:/Users/silvi/GameMakerProjects/RoboBitch/sprites/spr_Captcha/layers/9e37e48a-a912-4bac-b0ec-701088e8f92d
[05-01-2026 09:29:29] Current parent directory: C:/Users/silvi/GameMakerProjects/RoboBitch/sprites/spr_Captcha/layers/9e37e48a-a912-4bac-b0ec-701088e8f92d
[05-01-2026 09:29:29] Checking 6cfc8e7e-92c8-42fb-9b94-7b26dbfd19af.png
[05-01-2026 09:29:29] Current parent directory: C:/Users/silvi/GameMakerProjects/RoboBitch/sprites/spr_CaptchaTick
[05-01-2026 09:29:29] Checking spr_CaptchaTick.yy
[05-01-2026 09:29:29] Parsing C:/Users/silvi/GameMakerProjects/RoboBitch/sprites/spr_CaptchaTick/spr_CaptchaTick.yy
[05-01-2026 09:29:29] Reading C:/Users/silvi/GameMakerProjects/RoboBitch/sprites/spr_CaptchaTick/spr_CaptchaTick.yy
[05-01-2026 09:29:29] Par: "folders/Sprites/UI/Phone" at dir: "C:/Users/silvi/GameMakerProjects/RoboBitch/sprites/spr_CaptchaTick/spr_CaptchaTick.yy"
[05-01-2026 09:29:29] Found Sprite: spr_CaptchaTick
[05-01-2026 09:29:29] Checking layers
[05-01-2026 09:29:29] Directory: C:/Users/silvi/GameMakerProjects/RoboBitch/sprites/spr_CaptchaTick/layers
[05-01-2026 09:29:29] Checking f19b4a3b-b5dd-43f7-a640-19609a5b6085.png
[05-01-2026 09:29:29] Current parent directory: C:/Users/silvi/GameMakerProjects/RoboBitch/sprites/spr_CaptchaTick/layers
[05-01-2026 09:29:29] Checking f19b4a3b-b5dd-43f7-a640-19609a5b6085
[05-01-2026 09:29:29] Directory: C:/Users/silvi/GameMakerProjects/RoboBitch/sprites/spr_CaptchaTick/layers/f19b4a3b-b5dd-43f7-a640-19609a5b6085
[05-01-2026 09:29:29] Current parent directory: C:/Users/silvi/GameMakerProjects/RoboBitch/sprites/spr_CaptchaTick/layers/f19b4a3b-b5dd-43f7-a640-19609a5b6085
[05-01-2026 09:29:29] Checking b0ded7f1-d0da-4a76-91b5-2c1184b24e81.png
[05-01-2026 09:29:29] Current parent directory: C:/Users/silvi/GameMakerProjects/RoboBitch/sprites/spr_Chatbox
[05-01-2026 09:29:29] Checking spr_Chatbox.yy
[05-01-2026 09:29:29] Parsing C:/Users/silvi/GameMakerProjects/RoboBitch/sprites/spr_Chatbox/spr_Chatbox.yy
[05-01-2026 09:29:29] Reading C:/Users/silvi/GameMakerProjects/RoboBitch/sprites/spr_Chatbox/spr_Chatbox.yy
[05-01-2026 09:29:29] Par: "folders/Sprites/UI" at dir: "C:/Users/silvi/GameMakerProjects/RoboBitch/sprites/spr_Chatbox/spr_Chatbox.yy"
[05-01-2026 09:29:29] Found Sprite: spr_Chatbox
[05-01-2026 09:29:29] Checking layers
[05-01-2026 09:29:29] Directory: C:/Users/silvi/GameMakerProjects/RoboBitch/sprites/spr_Chatbox/layers
[05-01-2026 09:29:29] Checking 48f37881-7aa5-49b2-a41a-434d8147957c.png
[05-01-2026 09:29:29] Current parent directory: C:/Users/silvi/GameMakerProjects/RoboBitch/sprites/spr_Chatbox/layers
[05-01-2026 09:29:29] Checking 48f37881-7aa5-49b2-a41a-434d8147957c
[05-01-2026 09:29:29] Directory: C:/Users/silvi/GameMakerProjects/RoboBitch/sprites/spr_Chatbox/layers/48f37881-7aa5-49b2-a41a-434d8147957c
[05-01-2026 09:29:29] Current parent directory: C:/Users/silvi/GameMakerProjects/RoboBitch/sprites/spr_Chatbox/layers/48f37881-7aa5-49b2-a41a-434d8147957c
[05-01-2026 09:29:29] Checking d56fd742-cd24-4ef1-81f4-0ece5f62677b.png
[05-01-2026 09:29:29] Current parent directory: C:/Users/silvi/GameMakerProjects/RoboBitch/sprites/spr_Check
[05-01-2026 09:29:29] Checking spr_Check.yy
[05-01-2026 09:29:29] Parsing C:/Users/silvi/GameMakerProjects/RoboBitch/sprites/spr_Check/spr_Check.yy
[05-01-2026 09:29:29] Reading C:/Users/silvi/GameMakerProjects/RoboBitch/sprites/spr_Check/spr_Check.yy
[05-01-2026 09:29:29] Par: "folders/Sprites/UI" at dir: "C:/Users/silvi/GameMakerProjects/RoboBitch/sprites/spr_Check/spr_Check.yy"
[05-01-2026 09:29:29] Found Sprite: spr_Check
[05-01-2026 09:29:29] Checking layers
[05-01-2026 09:29:29] Directory: C:/Users/silvi/GameMakerProjects/RoboBitch/sprites/spr_Check/layers
[05-01-2026 09:29:29] Checking 4357ee1c-56f5-4222-a69d-e3c0294c44f0.png
[05-01-2026 09:29:29] Current parent directory: C:/Users/silvi/GameMakerProjects/RoboBitch/sprites/spr_Check/layers
[05-01-2026 09:29:29] Checking 4357ee1c-56f5-4222-a69d-e3c0294c44f0
[05-01-2026 09:29:29] Directory: C:/Users/silvi/GameMakerProjects/RoboBitch/sprites/spr_Check/layers/4357ee1c-56f5-4222-a69d-e3c0294c44f0
[05-01-2026 09:29:29] Current parent directory: C:/Users/silvi/GameMakerProjects/RoboBitch/sprites/spr_Check/layers/4357ee1c-56f5-4222-a69d-e3c0294c44f0
[05-01-2026 09:29:29] Checking a9dc8b17-80db-40c9-9ee6-04b503e22d0b.png
[05-01-2026 09:29:29] Current parent directory: C:/Users/silvi/GameMakerProjects/RoboBitch/sprites/spr_cocotier
[05-01-2026 09:29:29] Checking spr_cocotier.yy
[05-01-2026 09:29:29] Parsing C:/Users/silvi/GameMakerProjects/RoboBitch/sprites/spr_cocotier/spr_cocotier.yy
[05-01-2026 09:29:29] Reading C:/Users/silvi/GameMakerProjects/RoboBitch/sprites/spr_cocotier/spr_cocotier.yy
[05-01-2026 09:29:29] Par: "folders/Sprites" at dir: "C:/Users/silvi/GameMakerProjects/RoboBitch/sprites/spr_cocotier/spr_cocotier.yy"
[05-01-2026 09:29:29] Found Sprite: spr_Cocotier
[05-01-2026 09:29:29] Checking layers
[05-01-2026 09:29:29] Directory: C:/Users/silvi/GameMakerProjects/RoboBitch/sprites/spr_cocotier/layers
[05-01-2026 09:29:29] Checking be09d741-bbfa-4f36-ab5b-750b76861f86.png
[05-01-2026 09:29:29] Current parent directory: C:/Users/silvi/GameMakerProjects/RoboBitch/sprites/spr_cocotier/layers
[05-01-2026 09:29:29] Checking be09d741-bbfa-4f36-ab5b-750b76861f86
[05-01-2026 09:29:29] Directory: C:/Users/silvi/GameMakerProjects/RoboBitch/sprites/spr_cocotier/layers/be09d741-bbfa-4f36-ab5b-750b76861f86
[05-01-2026 09:29:29] Current parent directory: C:/Users/silvi/GameMakerProjects/RoboBitch/sprites/spr_cocotier/layers/be09d741-bbfa-4f36-ab5b-750b76861f86
[05-01-2026 09:29:29] Checking ecced518-679f-4dd7-97cb-0737fd4e16c2.png
[05-01-2026 09:29:29] Current parent directory: C:/Users/silvi/GameMakerProjects/RoboBitch/sprites/spr_Coffee
[05-01-2026 09:29:29] Checking spr_Coffee.yy
[05-01-2026 09:29:29] Parsing C:/Users/silvi/GameMakerProjects/RoboBitch/sprites/spr_Coffee/spr_Coffee.yy
[05-01-2026 09:29:29] Reading C:/Users/silvi/GameMakerProjects/RoboBitch/sprites/spr_Coffee/spr_Coffee.yy
[05-01-2026 09:29:29] Par: "folders/Sprites/Minigames/CoffeeMG" at dir: "C:/Users/silvi/GameMakerProjects/RoboBitch/sprites/spr_Coffee/spr_Coffee.yy"
[05-01-2026 09:29:29] Found Sprite: spr_Coffee
[05-01-2026 09:29:29] Checking layers
[05-01-2026 09:29:29] Directory: C:/Users/silvi/GameMakerProjects/RoboBitch/sprites/spr_Coffee/layers
[05-01-2026 09:29:29] Checking f331d550-639f-4800-8f39-e465fd5bf9a0.png
[05-01-2026 09:29:29] Current parent directory: C:/Users/silvi/GameMakerProjects/RoboBitch/sprites/spr_Coffee/layers
[05-01-2026 09:29:29] Checking f331d550-639f-4800-8f39-e465fd5bf9a0
[05-01-2026 09:29:29] Directory: C:/Users/silvi/GameMakerProjects/RoboBitch/sprites/spr_Coffee/layers/f331d550-639f-4800-8f39-e465fd5bf9a0
[05-01-2026 09:29:29] Current parent directory: C:/Users/silvi/GameMakerProjects/RoboBitch/sprites/spr_Coffee/layers/f331d550-639f-4800-8f39-e465fd5bf9a0
[05-01-2026 09:29:29] Checking d8703bf6-d9fa-4e40-b55c-d7766d1b7d16.png
[05-01-2026 09:29:29] Current parent directory: C:/Users/silvi/GameMakerProjects/RoboBitch/sprites/spr_CoffeeBar
[05-01-2026 09:29:29] Checking spr_CoffeeBar.yy
[05-01-2026 09:29:29] Parsing C:/Users/silvi/GameMakerProjects/RoboBitch/sprites/spr_CoffeeBar/spr_CoffeeBar.yy
[05-01-2026 09:29:29] Reading C:/Users/silvi/GameMakerProjects/RoboBitch/sprites/spr_CoffeeBar/spr_CoffeeBar.yy
[05-01-2026 09:29:29] Par: "folders/Sprites/Minigames/CoffeeMG" at dir: "C:/Users/silvi/GameMakerProjects/RoboBitch/sprites/spr_CoffeeBar/spr_CoffeeBar.yy"
[05-01-2026 09:29:29] Found Sprite: spr_CoffeeBar
[05-01-2026 09:29:29] Checking layers
[05-01-2026 09:29:29] Directory: C:/Users/silvi/GameMakerProjects/RoboBitch/sprites/spr_CoffeeBar/layers
[05-01-2026 09:29:29] Checking e02f3d7a-85cb-45f1-9dda-d17b60cf6cd8.png
[05-01-2026 09:29:29] Checking dd3ef92e-bc6b-4411-b307-8a470fac8b28.png
[05-01-2026 09:29:29] Checking d91f0f43-be9d-4568-8f94-0b11b370bccd.png
[05-01-2026 09:29:29] Checking a9352bc1-1e5e-471a-9a6e-ae68fa5837ef.png
[05-01-2026 09:29:29] Checking a2aec82a-51aa-49d1-9520-decafa9cb215.png
[05-01-2026 09:29:29] Checking 9a407b41-3c60-45bf-a083-7d321e6195c7.png
[05-01-2026 09:29:29] Checking 7ae15e0c-4d4d-4f3b-a91d-85fa74043e5f.png
[05-01-2026 09:29:29] Checking 420793ff-ebda-4643-bc1d-87b3e2c4f01c.png
[05-01-2026 09:29:29] Checking 34aca591-9d5c-4b90-9728-c37b674c173d.png
[05-01-2026 09:29:29] Checking 2d03cba0-6fae-4bdf-95eb-41ba7b8daf74.png
[05-01-2026 09:29:29] Checking 1d87a1a6-8ed0-43f3-8d7d-86fe8b808e8e.png
[05-01-2026 09:29:29] Current parent directory: C:/Users/silvi/GameMakerProjects/RoboBitch/sprites/spr_CoffeeBar/layers
[05-01-2026 09:29:29] Checking e02f3d7a-85cb-45f1-9dda-d17b60cf6cd8
[05-01-2026 09:29:29] Directory: C:/Users/silvi/GameMakerProjects/RoboBitch/sprites/spr_CoffeeBar/layers/e02f3d7a-85cb-45f1-9dda-d17b60cf6cd8
[05-01-2026 09:29:29] Checking dd3ef92e-bc6b-4411-b307-8a470fac8b28
[05-01-2026 09:29:29] Directory: C:/Users/silvi/GameMakerProjects/RoboBitch/sprites/spr_CoffeeBar/layers/dd3ef92e-bc6b-4411-b307-8a470fac8b28
[05-01-2026 09:29:29] Checking d91f0f43-be9d-4568-8f94-0b11b370bccd
[05-01-2026 09:29:29] Directory: C:/Users/silvi/GameMakerProjects/RoboBitch/sprites/spr_CoffeeBar/layers/d91f0f43-be9d-4568-8f94-0b11b370bccd
[05-01-2026 09:29:29] Checking a9352bc1-1e5e-471a-9a6e-ae68fa5837ef
[05-01-2026 09:29:29] Directory: C:/Users/silvi/GameMakerProjects/RoboBitch/sprites/spr_CoffeeBar/layers/a9352bc1-1e5e-471a-9a6e-ae68fa5837ef
[05-01-2026 09:29:29] Checking a2aec82a-51aa-49d1-9520-decafa9cb215
[05-01-2026 09:29:29] Directory: C:/Users/silvi/GameMakerProjects/RoboBitch/sprites/spr_CoffeeBar/layers/a2aec82a-51aa-49d1-9520-decafa9cb215
[05-01-2026 09:29:29] Checking 9a407b41-3c60-45bf-a083-7d321e6195c7
[05-01-2026 09:29:29] Directory: C:/Users/silvi/GameMakerProjects/RoboBitch/sprites/spr_CoffeeBar/layers/9a407b41-3c60-45bf-a083-7d321e6195c7
[05-01-2026 09:29:29] Checking 7ae15e0c-4d4d-4f3b-a91d-85fa74043e5f
[05-01-2026 09:29:29] Directory: C:/Users/silvi/GameMakerProjects/RoboBitch/sprites/spr_CoffeeBar/layers/7ae15e0c-4d4d-4f3b-a91d-85fa74043e5f
[05-01-2026 09:29:29] Checking 420793ff-ebda-4643-bc1d-87b3e2c4f01c
[05-01-2026 09:29:29] Directory: C:/Users/silvi/GameMakerProjects/RoboBitch/sprites/spr_CoffeeBar/layers/420793ff-ebda-4643-bc1d-87b3e2c4f01c
[05-01-2026 09:29:29] Checking 34aca591-9d5c-4b90-9728-c37b674c173d
[05-01-2026 09:29:29] Directory: C:/Users/silvi/GameMakerProjects/RoboBitch/sprites/spr_CoffeeBar/layers/34aca591-9d5c-4b90-9728-c37b674c173d
[05-01-2026 09:29:29] Checking 2d03cba0-6fae-4bdf-95eb-41ba7b8daf74
[05-01-2026 09:29:29] Directory: C:/Users/silvi/GameMakerProjects/RoboBitch/sprites/spr_CoffeeBar/layers/2d03cba0-6fae-4bdf-95eb-41ba7b8daf74
[05-01-2026 09:29:29] Checking 1d87a1a6-8ed0-43f3-8d7d-86fe8b808e8e
[05-01-2026 09:29:29] Directory: C:/Users/silvi/GameMakerProjects/RoboBitch/sprites/spr_CoffeeBar/layers/1d87a1a6-8ed0-43f3-8d7d-86fe8b808e8e
[05-01-2026 09:29:29] Current parent directory: C:/Users/silvi/GameMakerProjects/RoboBitch/sprites/spr_CoffeeBar/layers/1d87a1a6-8ed0-43f3-8d7d-86fe8b808e8e
[05-01-2026 09:29:29] Checking 5ceaa97b-eedd-4ce6-b118-0fb515e170de.png
[05-01-2026 09:29:29] Current parent directory: C:/Users/silvi/GameMakerProjects/RoboBitch/sprites/spr_CoffeeBar/layers/2d03cba0-6fae-4bdf-95eb-41ba7b8daf74
[05-01-2026 09:29:29] Checking 5ceaa97b-eedd-4ce6-b118-0fb515e170de.png
[05-01-2026 09:29:29] Current parent directory: C:/Users/silvi/GameMakerProjects/RoboBitch/sprites/spr_CoffeeBar/layers/34aca591-9d5c-4b90-9728-c37b674c173d
[05-01-2026 09:29:29] Checking 5ceaa97b-eedd-4ce6-b118-0fb515e170de.png
[05-01-2026 09:29:29] Current parent directory: C:/Users/silvi/GameMakerProjects/RoboBitch/sprites/spr_CoffeeBar/layers/420793ff-ebda-4643-bc1d-87b3e2c4f01c
[05-01-2026 09:29:29] Checking 5ceaa97b-eedd-4ce6-b118-0fb515e170de.png
[05-01-2026 09:29:29] Current parent directory: C:/Users/silvi/GameMakerProjects/RoboBitch/sprites/spr_CoffeeBar/layers/7ae15e0c-4d4d-4f3b-a91d-85fa74043e5f
[05-01-2026 09:29:29] Checking 5ceaa97b-eedd-4ce6-b118-0fb515e170de.png
[05-01-2026 09:29:29] Current parent directory: C:/Users/silvi/GameMakerProjects/RoboBitch/sprites/spr_CoffeeBar/layers/9a407b41-3c60-45bf-a083-7d321e6195c7
[05-01-2026 09:29:29] Checking 5ceaa97b-eedd-4ce6-b118-0fb515e170de.png
[05-01-2026 09:29:29] Current parent directory: C:/Users/silvi/GameMakerProjects/RoboBitch/sprites/spr_CoffeeBar/layers/a2aec82a-51aa-49d1-9520-decafa9cb215
[05-01-2026 09:29:29] Checking 5ceaa97b-eedd-4ce6-b118-0fb515e170de.png
[05-01-2026 09:29:29] Current parent directory: C:/Users/silvi/GameMakerProjects/RoboBitch/sprites/spr_CoffeeBar/layers/a9352bc1-1e5e-471a-9a6e-ae68fa5837ef
[05-01-2026 09:29:29] Checking 5ceaa97b-eedd-4ce6-b118-0fb515e170de.png
[05-01-2026 09:29:29] Current parent directory: C:/Users/silvi/GameMakerProjects/RoboBitch/sprites/spr_CoffeeBar/layers/d91f0f43-be9d-4568-8f94-0b11b370bccd
[05-01-2026 09:29:29] Checking 5ceaa97b-eedd-4ce6-b118-0fb515e170de.png
[05-01-2026 09:29:29] Current parent directory: C:/Users/silvi/GameMakerProjects/RoboBitch/sprites/spr_CoffeeBar/layers/dd3ef92e-bc6b-4411-b307-8a470fac8b28
[05-01-2026 09:29:29] Checking 5ceaa97b-eedd-4ce6-b118-0fb515e170de.png
[05-01-2026 09:29:29] Current parent directory: C:/Users/silvi/GameMakerProjects/RoboBitch/sprites/spr_CoffeeBar/layers/e02f3d7a-85cb-45f1-9dda-d17b60cf6cd8
[05-01-2026 09:29:29] Checking 5ceaa97b-eedd-4ce6-b118-0fb515e170de.png
[05-01-2026 09:29:29] Current parent directory: C:/Users/silvi/GameMakerProjects/RoboBitch/sprites/spr_CoffeeDropper
[05-01-2026 09:29:29] Checking spr_CoffeeDropper.yy
[05-01-2026 09:29:29] Parsing C:/Users/silvi/GameMakerProjects/RoboBitch/sprites/spr_CoffeeDropper/spr_CoffeeDropper.yy
[05-01-2026 09:29:29] Reading C:/Users/silvi/GameMakerProjects/RoboBitch/sprites/spr_CoffeeDropper/spr_CoffeeDropper.yy
[05-01-2026 09:29:29] Par: "folders/Sprites/Minigames/CoffeeMG" at dir: "C:/Users/silvi/GameMakerProjects/RoboBitch/sprites/spr_CoffeeDropper/spr_CoffeeDropper.yy"
[05-01-2026 09:29:29] Found Sprite: spr_CoffeeDropper
[05-01-2026 09:29:29] Checking layers
[05-01-2026 09:29:29] Directory: C:/Users/silvi/GameMakerProjects/RoboBitch/sprites/spr_CoffeeDropper/layers
[05-01-2026 09:29:29] Checking 97b15dd1-d6a5-4dde-9d1c-cb721915824c.png
[05-01-2026 09:29:29] Current parent directory: C:/Users/silvi/GameMakerProjects/RoboBitch/sprites/spr_CoffeeDropper/layers
[05-01-2026 09:29:29] Checking 97b15dd1-d6a5-4dde-9d1c-cb721915824c
[05-01-2026 09:29:29] Directory: C:/Users/silvi/GameMakerProjects/RoboBitch/sprites/spr_CoffeeDropper/layers/97b15dd1-d6a5-4dde-9d1c-cb721915824c
[05-01-2026 09:29:29] Current parent directory: C:/Users/silvi/GameMakerProjects/RoboBitch/sprites/spr_CoffeeDropper/layers/97b15dd1-d6a5-4dde-9d1c-cb721915824c
[05-01-2026 09:29:29] Checking 8b8ec15f-045a-4356-a17d-6f451b7384fa.png
[05-01-2026 09:29:29] Current parent directory: C:/Users/silvi/GameMakerProjects/RoboBitch/sprites/spr_CoffeeMachine
[05-01-2026 09:29:29] Checking spr_CoffeeMachine.yy
[05-01-2026 09:29:29] Parsing C:/Users/silvi/GameMakerProjects/RoboBitch/sprites/spr_CoffeeMachine/spr_CoffeeMachine.yy
[05-01-2026 09:29:29] Reading C:/Users/silvi/GameMakerProjects/RoboBitch/sprites/spr_CoffeeMachine/spr_CoffeeMachine.yy
[05-01-2026 09:29:29] Par: "folders/Sprites/BGs" at dir: "C:/Users/silvi/GameMakerProjects/RoboBitch/sprites/spr_CoffeeMachine/spr_CoffeeMachine.yy"
[05-01-2026 09:29:29] Found Sprite: spr_CoffeeMachine
[05-01-2026 09:29:29] Checking layers
[05-01-2026 09:29:29] Directory: C:/Users/silvi/GameMakerProjects/RoboBitch/sprites/spr_CoffeeMachine/layers
[05-01-2026 09:29:29] Checking e2459e59-bc45-48fd-beef-8f32caec6770.png
[05-01-2026 09:29:29] Current parent directory: C:/Users/silvi/GameMakerProjects/RoboBitch/sprites/spr_CoffeeMachine/layers
[05-01-2026 09:29:29] Checking e2459e59-bc45-48fd-beef-8f32caec6770
[05-01-2026 09:29:29] Directory: C:/Users/silvi/GameMakerProjects/RoboBitch/sprites/spr_CoffeeMachine/layers/e2459e59-bc45-48fd-beef-8f32caec6770
[05-01-2026 09:29:29] Current parent directory: C:/Users/silvi/GameMakerProjects/RoboBitch/sprites/spr_CoffeeMachine/layers/e2459e59-bc45-48fd-beef-8f32caec6770
[05-01-2026 09:29:29] Checking 047d3821-1ece-4184-8d96-c62f1feb5624.png
[05-01-2026 09:29:29] Current parent directory: C:/Users/silvi/GameMakerProjects/RoboBitch/sprites/spr_CollisionPlant
[05-01-2026 09:29:29] Checking spr_CollisionPlant.yy
[05-01-2026 09:29:29] Parsing C:/Users/silvi/GameMakerProjects/RoboBitch/sprites/spr_CollisionPlant/spr_CollisionPlant.yy
[05-01-2026 09:29:29] Reading C:/Users/silvi/GameMakerProjects/RoboBitch/sprites/spr_CollisionPlant/spr_CollisionPlant.yy
[05-01-2026 09:29:29] Par: "folders/Sprites/BGs/Collision Masks" at dir: "C:/Users/silvi/GameMakerProjects/RoboBitch/sprites/spr_CollisionPlant/spr_CollisionPlant.yy"
[05-01-2026 09:29:29] Found Sprite: spr_CollisionPlant
[05-01-2026 09:29:29] Checking layers
[05-01-2026 09:29:29] Directory: C:/Users/silvi/GameMakerProjects/RoboBitch/sprites/spr_CollisionPlant/layers
[05-01-2026 09:29:29] Checking ef930936-f20d-4696-b2f0-7eb0fd29ee6e.png
[05-01-2026 09:29:29] Current parent directory: C:/Users/silvi/GameMakerProjects/RoboBitch/sprites/spr_CollisionPlant/layers
[05-01-2026 09:29:29] Checking ef930936-f20d-4696-b2f0-7eb0fd29ee6e
[05-01-2026 09:29:29] Directory: C:/Users/silvi/GameMakerProjects/RoboBitch/sprites/spr_CollisionPlant/layers/ef930936-f20d-4696-b2f0-7eb0fd29ee6e
[05-01-2026 09:29:29] Current parent directory: C:/Users/silvi/GameMakerProjects/RoboBitch/sprites/spr_CollisionPlant/layers/ef930936-f20d-4696-b2f0-7eb0fd29ee6e
[05-01-2026 09:29:29] Checking 16557549-60d2-44d5-8e8a-f24acba80182.png
[05-01-2026 09:29:29] Current parent directory: C:/Users/silvi/GameMakerProjects/RoboBitch/sprites/spr_Cursor
[05-01-2026 09:29:29] Checking spr_Cursor.yy
[05-01-2026 09:29:29] Parsing C:/Users/silvi/GameMakerProjects/RoboBitch/sprites/spr_Cursor/spr_Cursor.yy
[05-01-2026 09:29:29] Reading C:/Users/silvi/GameMakerProjects/RoboBitch/sprites/spr_Cursor/spr_Cursor.yy
[05-01-2026 09:29:29] Par: "folders/Sprites/UI" at dir: "C:/Users/silvi/GameMakerProjects/RoboBitch/sprites/spr_Cursor/spr_Cursor.yy"
[05-01-2026 09:29:29] Found Sprite: spr_Cursor
[05-01-2026 09:29:29] Checking layers
[05-01-2026 09:29:29] Directory: C:/Users/silvi/GameMakerProjects/RoboBitch/sprites/spr_Cursor/layers
[05-01-2026 09:29:29] Checking ffdc345d-cb7d-4ddb-b72e-37f7e40ca9f3.png
[05-01-2026 09:29:29] Current parent directory: C:/Users/silvi/GameMakerProjects/RoboBitch/sprites/spr_Cursor/layers
[05-01-2026 09:29:29] Checking ffdc345d-cb7d-4ddb-b72e-37f7e40ca9f3
[05-01-2026 09:29:29] Directory: C:/Users/silvi/GameMakerProjects/RoboBitch/sprites/spr_Cursor/layers/ffdc345d-cb7d-4ddb-b72e-37f7e40ca9f3
[05-01-2026 09:29:29] Current parent directory: C:/Users/silvi/GameMakerProjects/RoboBitch/sprites/spr_Cursor/layers/ffdc345d-cb7d-4ddb-b72e-37f7e40ca9f3
[05-01-2026 09:29:29] Checking c08d2e4b-a636-455b-9c6c-f4b094671638.png
[05-01-2026 09:29:29] Current parent directory: C:/Users/silvi/GameMakerProjects/RoboBitch/sprites/spr_Dead
[05-01-2026 09:29:29] Checking spr_Dead.yy
[05-01-2026 09:29:29] Parsing C:/Users/silvi/GameMakerProjects/RoboBitch/sprites/spr_Dead/spr_Dead.yy
[05-01-2026 09:29:29] Reading C:/Users/silvi/GameMakerProjects/RoboBitch/sprites/spr_Dead/spr_Dead.yy
[05-01-2026 09:29:29] Par: "folders/Sprites/Player" at dir: "C:/Users/silvi/GameMakerProjects/RoboBitch/sprites/spr_Dead/spr_Dead.yy"
[05-01-2026 09:29:29] Found Sprite: spr_Dead
[05-01-2026 09:29:29] Checking layers
[05-01-2026 09:29:29] Directory: C:/Users/silvi/GameMakerProjects/RoboBitch/sprites/spr_Dead/layers
[05-01-2026 09:29:29] Checking 953443b2-b3ca-41fa-bd49-13496d1a8fb6.png
[05-01-2026 09:29:29] Current parent directory: C:/Users/silvi/GameMakerProjects/RoboBitch/sprites/spr_Dead/layers
[05-01-2026 09:29:29] Checking 953443b2-b3ca-41fa-bd49-13496d1a8fb6
[05-01-2026 09:29:29] Directory: C:/Users/silvi/GameMakerProjects/RoboBitch/sprites/spr_Dead/layers/953443b2-b3ca-41fa-bd49-13496d1a8fb6
[05-01-2026 09:29:29] Current parent directory: C:/Users/silvi/GameMakerProjects/RoboBitch/sprites/spr_Dead/layers/953443b2-b3ca-41fa-bd49-13496d1a8fb6
[05-01-2026 09:29:29] Checking 820b0d08-eaa0-4091-87e2-cbfcce955a4e.png
[05-01-2026 09:29:29] Current parent directory: C:/Users/silvi/GameMakerProjects/RoboBitch/sprites/spr_Deregister
[05-01-2026 09:29:29] Checking spr_Deregister.yy
[05-01-2026 09:29:29] Parsing C:/Users/silvi/GameMakerProjects/RoboBitch/sprites/spr_Deregister/spr_Deregister.yy
[05-01-2026 09:29:30] Reading C:/Users/silvi/GameMakerProjects/RoboBitch/sprites/spr_Deregister/spr_Deregister.yy
[05-01-2026 09:29:30] Par: "folders/Sprites/UI/Phone" at dir: "C:/Users/silvi/GameMakerProjects/RoboBitch/sprites/spr_Deregister/spr_Deregister.yy"
[05-01-2026 09:29:30] Found Sprite: spr_Deregister
[05-01-2026 09:29:30] Checking layers
[05-01-2026 09:29:30] Directory: C:/Users/silvi/GameMakerProjects/RoboBitch/sprites/spr_Deregister/layers
[05-01-2026 09:29:30] Checking 544264ed-62a5-4c38-877f-70de11b65a4e.png
[05-01-2026 09:29:30] Current parent directory: C:/Users/silvi/GameMakerProjects/RoboBitch/sprites/spr_Deregister/layers
[05-01-2026 09:29:30] Checking 544264ed-62a5-4c38-877f-70de11b65a4e
[05-01-2026 09:29:30] Directory: C:/Users/silvi/GameMakerProjects/RoboBitch/sprites/spr_Deregister/layers/544264ed-62a5-4c38-877f-70de11b65a4e
[05-01-2026 09:29:30] Current parent directory: C:/Users/silvi/GameMakerProjects/RoboBitch/sprites/spr_Deregister/layers/544264ed-62a5-4c38-877f-70de11b65a4e
[05-01-2026 09:29:30] Checking a9a11557-3625-4dd7-b51a-44ef0ef96707.png
[05-01-2026 09:29:30] Current parent directory: C:/Users/silvi/GameMakerProjects/RoboBitch/sprites/spr_Dialogue
[05-01-2026 09:29:30] Checking spr_Dialogue.yy
[05-01-2026 09:29:30] Parsing C:/Users/silvi/GameMakerProjects/RoboBitch/sprites/spr_Dialogue/spr_Dialogue.yy
[05-01-2026 09:29:30] Reading C:/Users/silvi/GameMakerProjects/RoboBitch/sprites/spr_Dialogue/spr_Dialogue.yy
[05-01-2026 09:29:30] Par: "folders/Sprites/UI" at dir: "C:/Users/silvi/GameMakerProjects/RoboBitch/sprites/spr_Dialogue/spr_Dialogue.yy"
[05-01-2026 09:29:30] Found Sprite: spr_Dialogue
[05-01-2026 09:29:30] Checking layers
[05-01-2026 09:29:30] Directory: C:/Users/silvi/GameMakerProjects/RoboBitch/sprites/spr_Dialogue/layers
[05-01-2026 09:29:30] Checking 0399b546-9856-4f98-b7ee-4bba567487ef.png
[05-01-2026 09:29:30] Current parent directory: C:/Users/silvi/GameMakerProjects/RoboBitch/sprites/spr_Dialogue/layers
[05-01-2026 09:29:30] Checking 0399b546-9856-4f98-b7ee-4bba567487ef
[05-01-2026 09:29:30] Directory: C:/Users/silvi/GameMakerProjects/RoboBitch/sprites/spr_Dialogue/layers/0399b546-9856-4f98-b7ee-4bba567487ef
[05-01-2026 09:29:30] Current parent directory: C:/Users/silvi/GameMakerProjects/RoboBitch/sprites/spr_Dialogue/layers/0399b546-9856-4f98-b7ee-4bba567487ef
[05-01-2026 09:29:30] Checking 57255b69-c6b5-446f-930e-9b2074f2fff6.png
[05-01-2026 09:29:30] Current parent directory: C:/Users/silvi/GameMakerProjects/RoboBitch/sprites/spr_DialogueChoice
[05-01-2026 09:29:30] Checking spr_DialogueChoice.yy
[05-01-2026 09:29:30] Parsing C:/Users/silvi/GameMakerProjects/RoboBitch/sprites/spr_DialogueChoice/spr_DialogueChoice.yy
[05-01-2026 09:29:30] Reading C:/Users/silvi/GameMakerProjects/RoboBitch/sprites/spr_DialogueChoice/spr_DialogueChoice.yy
[05-01-2026 09:29:30] Par: "folders/Sprites/UI" at dir: "C:/Users/silvi/GameMakerProjects/RoboBitch/sprites/spr_DialogueChoice/spr_DialogueChoice.yy"
[05-01-2026 09:29:30] Found Sprite: spr_DialogueChoice
[05-01-2026 09:29:30] Checking layers
[05-01-2026 09:29:30] Directory: C:/Users/silvi/GameMakerProjects/RoboBitch/sprites/spr_DialogueChoice/layers
[05-01-2026 09:29:30] Checking 2b3fb42b-e4b7-431d-8540-fe584d8c88f0.png
[05-01-2026 09:29:30] Current parent directory: C:/Users/silvi/GameMakerProjects/RoboBitch/sprites/spr_DialogueChoice/layers
[05-01-2026 09:29:30] Checking 2b3fb42b-e4b7-431d-8540-fe584d8c88f0
[05-01-2026 09:29:30] Directory: C:/Users/silvi/GameMakerProjects/RoboBitch/sprites/spr_DialogueChoice/layers/2b3fb42b-e4b7-431d-8540-fe584d8c88f0
[05-01-2026 09:29:30] Current parent directory: C:/Users/silvi/GameMakerProjects/RoboBitch/sprites/spr_DialogueChoice/layers/2b3fb42b-e4b7-431d-8540-fe584d8c88f0
[05-01-2026 09:29:30] Checking 93f441c9-0c92-4303-b166-2a26625ceb47.png
[05-01-2026 09:29:30] Current parent directory: C:/Users/silvi/GameMakerProjects/RoboBitch/sprites/spr_DialogueFrame
[05-01-2026 09:29:30] Checking spr_DialogueFrame.yy
[05-01-2026 09:29:30] Parsing C:/Users/silvi/GameMakerProjects/RoboBitch/sprites/spr_DialogueFrame/spr_DialogueFrame.yy
[05-01-2026 09:29:30] Reading C:/Users/silvi/GameMakerProjects/RoboBitch/sprites/spr_DialogueFrame/spr_DialogueFrame.yy
[05-01-2026 09:29:30] Par: "folders/Sprites/UI" at dir: "C:/Users/silvi/GameMakerProjects/RoboBitch/sprites/spr_DialogueFrame/spr_DialogueFrame.yy"
[05-01-2026 09:29:30] Found Sprite: spr_DialogueFrame
[05-01-2026 09:29:30] Checking layers
[05-01-2026 09:29:30] Directory: C:/Users/silvi/GameMakerProjects/RoboBitch/sprites/spr_DialogueFrame/layers
[05-01-2026 09:29:30] Checking 90c47757-95c2-4a4c-bb8b-a0d851ac1e50.png
[05-01-2026 09:29:30] Current parent directory: C:/Users/silvi/GameMakerProjects/RoboBitch/sprites/spr_DialogueFrame/layers
[05-01-2026 09:29:30] Checking 90c47757-95c2-4a4c-bb8b-a0d851ac1e50
[05-01-2026 09:29:30] Directory: C:/Users/silvi/GameMakerProjects/RoboBitch/sprites/spr_DialogueFrame/layers/90c47757-95c2-4a4c-bb8b-a0d851ac1e50
[05-01-2026 09:29:30] Current parent directory: C:/Users/silvi/GameMakerProjects/RoboBitch/sprites/spr_DialogueFrame/layers/90c47757-95c2-4a4c-bb8b-a0d851ac1e50
[05-01-2026 09:29:30] Checking 1ee5b242-3c00-47f1-81b6-c30d99ff4e15.png
[05-01-2026 09:29:30] Current parent directory: C:/Users/silvi/GameMakerProjects/RoboBitch/sprites/spr_Distraught
[05-01-2026 09:29:30] Checking spr_Distraught.yy
[05-01-2026 09:29:30] Parsing C:/Users/silvi/GameMakerProjects/RoboBitch/sprites/spr_Distraught/spr_Distraught.yy
[05-01-2026 09:29:30] Reading C:/Users/silvi/GameMakerProjects/RoboBitch/sprites/spr_Distraught/spr_Distraught.yy
[05-01-2026 09:29:30] Par: "folders/Sprites/Player" at dir: "C:/Users/silvi/GameMakerProjects/RoboBitch/sprites/spr_Distraught/spr_Distraught.yy"
[05-01-2026 09:29:30] Found Sprite: spr_Distraught
[05-01-2026 09:29:30] Checking layers
[05-01-2026 09:29:30] Directory: C:/Users/silvi/GameMakerProjects/RoboBitch/sprites/spr_Distraught/layers
[05-01-2026 09:29:30] Checking 638bf6fe-3678-495c-ba17-d9582bbc9d25.png
[05-01-2026 09:29:30] Current parent directory: C:/Users/silvi/GameMakerProjects/RoboBitch/sprites/spr_Distraught/layers
[05-01-2026 09:29:30] Checking 638bf6fe-3678-495c-ba17-d9582bbc9d25
[05-01-2026 09:29:30] Directory: C:/Users/silvi/GameMakerProjects/RoboBitch/sprites/spr_Distraught/layers/638bf6fe-3678-495c-ba17-d9582bbc9d25
[05-01-2026 09:29:30] Current parent directory: C:/Users/silvi/GameMakerProjects/RoboBitch/sprites/spr_Distraught/layers/638bf6fe-3678-495c-ba17-d9582bbc9d25
[05-01-2026 09:29:30] Checking 00294e41-cef1-4598-8983-316f86ae1aab.png
[05-01-2026 09:29:30] Current parent directory: C:/Users/silvi/GameMakerProjects/RoboBitch/sprites/spr_DMDialogueBG
[05-01-2026 09:29:30] Checking spr_DMDialogueBG.yy
[05-01-2026 09:29:30] Parsing C:/Users/silvi/GameMakerProjects/RoboBitch/sprites/spr_DMDialogueBG/spr_DMDialogueBG.yy
[05-01-2026 09:29:30] Reading C:/Users/silvi/GameMakerProjects/RoboBitch/sprites/spr_DMDialogueBG/spr_DMDialogueBG.yy
[05-01-2026 09:29:30] Par: "folders/Sprites/BGs" at dir: "C:/Users/silvi/GameMakerProjects/RoboBitch/sprites/spr_DMDialogueBG/spr_DMDialogueBG.yy"
[05-01-2026 09:29:30] Found Sprite: spr_DMDialogueBG
[05-01-2026 09:29:30] Checking layers
[05-01-2026 09:29:30] Directory: C:/Users/silvi/GameMakerProjects/RoboBitch/sprites/spr_DMDialogueBG/layers
[05-01-2026 09:29:30] Checking e02a8ee1-e91d-4fdf-b04a-4b18b74e4a81.png
[05-01-2026 09:29:30] Current parent directory: C:/Users/silvi/GameMakerProjects/RoboBitch/sprites/spr_DMDialogueBG/layers
[05-01-2026 09:29:30] Checking e02a8ee1-e91d-4fdf-b04a-4b18b74e4a81
[05-01-2026 09:29:30] Directory: C:/Users/silvi/GameMakerProjects/RoboBitch/sprites/spr_DMDialogueBG/layers/e02a8ee1-e91d-4fdf-b04a-4b18b74e4a81
[05-01-2026 09:29:30] Current parent directory: C:/Users/silvi/GameMakerProjects/RoboBitch/sprites/spr_DMDialogueBG/layers/e02a8ee1-e91d-4fdf-b04a-4b18b74e4a81
[05-01-2026 09:29:30] Checking 1de0c71f-c52c-4d2f-a3bc-b2be38448d6f.png
[05-01-2026 09:29:30] Current parent directory: C:/Users/silvi/GameMakerProjects/RoboBitch/sprites/spr_Door
[05-01-2026 09:29:30] Checking spr_Door.yy
[05-01-2026 09:29:30] Parsing C:/Users/silvi/GameMakerProjects/RoboBitch/sprites/spr_Door/spr_Door.yy
[05-01-2026 09:29:30] Reading C:/Users/silvi/GameMakerProjects/RoboBitch/sprites/spr_Door/spr_Door.yy
[05-01-2026 09:29:30] Par: "folders/Sprites" at dir: "C:/Users/silvi/GameMakerProjects/RoboBitch/sprites/spr_Door/spr_Door.yy"
[05-01-2026 09:29:30] Found Sprite: spr_Door
[05-01-2026 09:29:30] Checking layers
[05-01-2026 09:29:30] Directory: C:/Users/silvi/GameMakerProjects/RoboBitch/sprites/spr_Door/layers
[05-01-2026 09:29:30] Checking 1d51107c-75b8-4b27-9f5c-1c10b5f45d6b.png
[05-01-2026 09:29:30] Current parent directory: C:/Users/silvi/GameMakerProjects/RoboBitch/sprites/spr_Door/layers
[05-01-2026 09:29:30] Checking 1d51107c-75b8-4b27-9f5c-1c10b5f45d6b
[05-01-2026 09:29:30] Directory: C:/Users/silvi/GameMakerProjects/RoboBitch/sprites/spr_Door/layers/1d51107c-75b8-4b27-9f5c-1c10b5f45d6b
[05-01-2026 09:29:30] Current parent directory: C:/Users/silvi/GameMakerProjects/RoboBitch/sprites/spr_Door/layers/1d51107c-75b8-4b27-9f5c-1c10b5f45d6b
[05-01-2026 09:29:30] Checking 4f61c25b-b9a8-4dbc-a20a-aa12a18f870e.png
[05-01-2026 09:29:30] Current parent directory: C:/Users/silvi/GameMakerProjects/RoboBitch/sprites/spr_Drop
[05-01-2026 09:29:30] Checking spr_Drop.yy
[05-01-2026 09:29:30] Parsing C:/Users/silvi/GameMakerProjects/RoboBitch/sprites/spr_Drop/spr_Drop.yy
[05-01-2026 09:29:30] Reading C:/Users/silvi/GameMakerProjects/RoboBitch/sprites/spr_Drop/spr_Drop.yy
[05-01-2026 09:29:30] Par: "folders/Sprites/Minigames/CoffeeMG" at dir: "C:/Users/silvi/GameMakerProjects/RoboBitch/sprites/spr_Drop/spr_Drop.yy"
[05-01-2026 09:29:30] Found Sprite: spr_Drop
[05-01-2026 09:29:30] Checking layers
[05-01-2026 09:29:30] Directory: C:/Users/silvi/GameMakerProjects/RoboBitch/sprites/spr_Drop/layers
[05-01-2026 09:29:30] Checking 99f4e04c-5675-4b77-9b56-e662c8abde98.png
[05-01-2026 09:29:30] Current parent directory: C:/Users/silvi/GameMakerProjects/RoboBitch/sprites/spr_Drop/layers
[05-01-2026 09:29:30] Checking 99f4e04c-5675-4b77-9b56-e662c8abde98
[05-01-2026 09:29:30] Directory: C:/Users/silvi/GameMakerProjects/RoboBitch/sprites/spr_Drop/layers/99f4e04c-5675-4b77-9b56-e662c8abde98
[05-01-2026 09:29:30] Current parent directory: C:/Users/silvi/GameMakerProjects/RoboBitch/sprites/spr_Drop/layers/99f4e04c-5675-4b77-9b56-e662c8abde98
[05-01-2026 09:29:30] Checking c52a2fee-42e4-4099-8c40-8d4a3dcb265c.png
[05-01-2026 09:29:30] Current parent directory: C:/Users/silvi/GameMakerProjects/RoboBitch/sprites/spr_Frame
[05-01-2026 09:29:30] Checking spr_Frame.yy
[05-01-2026 09:29:30] Parsing C:/Users/silvi/GameMakerProjects/RoboBitch/sprites/spr_Frame/spr_Frame.yy
[05-01-2026 09:29:30] Reading C:/Users/silvi/GameMakerProjects/RoboBitch/sprites/spr_Frame/spr_Frame.yy
[05-01-2026 09:29:30] Par: "folders/Sprites/UI" at dir: "C:/Users/silvi/GameMakerProjects/RoboBitch/sprites/spr_Frame/spr_Frame.yy"
[05-01-2026 09:29:30] Found Sprite: spr_Frame
[05-01-2026 09:29:30] Checking layers
[05-01-2026 09:29:30] Directory: C:/Users/silvi/GameMakerProjects/RoboBitch/sprites/spr_Frame/layers
[05-01-2026 09:29:30] Checking a72f3549-886d-4a42-98f4-9671ae078ae3.png
[05-01-2026 09:29:30] Checking 6372d4ad-f6f2-4f89-924e-ab3a1cdd49f8.png
[05-01-2026 09:29:30] Current parent directory: C:/Users/silvi/GameMakerProjects/RoboBitch/sprites/spr_Frame/layers
[05-01-2026 09:29:30] Checking a72f3549-886d-4a42-98f4-9671ae078ae3
[05-01-2026 09:29:30] Directory: C:/Users/silvi/GameMakerProjects/RoboBitch/sprites/spr_Frame/layers/a72f3549-886d-4a42-98f4-9671ae078ae3
[05-01-2026 09:29:30] Current parent directory: C:/Users/silvi/GameMakerProjects/RoboBitch/sprites/spr_Frame/layers/a72f3549-886d-4a42-98f4-9671ae078ae3
[05-01-2026 09:29:30] Checking 865a757b-46f4-45ba-8dec-9bf2c85240d3.png
[05-01-2026 09:29:30] Current parent directory: C:/Users/silvi/GameMakerProjects/RoboBitch/sprites/spr_GameMaker
[05-01-2026 09:29:30] Checking spr_GameMaker.yy
[05-01-2026 09:29:30] Parsing C:/Users/silvi/GameMakerProjects/RoboBitch/sprites/spr_GameMaker/spr_GameMaker.yy
[05-01-2026 09:29:30] Reading C:/Users/silvi/GameMakerProjects/RoboBitch/sprites/spr_GameMaker/spr_GameMaker.yy
[05-01-2026 09:29:30] Par: "folders/Sprites" at dir: "C:/Users/silvi/GameMakerProjects/RoboBitch/sprites/spr_GameMaker/spr_GameMaker.yy"
[05-01-2026 09:29:30] Found Sprite: spr_GameMaker
[05-01-2026 09:29:30] Checking layers
[05-01-2026 09:29:30] Directory: C:/Users/silvi/GameMakerProjects/RoboBitch/sprites/spr_GameMaker/layers
[05-01-2026 09:29:30] Checking 1a620d31-8407-4335-b03d-bf66fbf422fe.png
[05-01-2026 09:29:30] Current parent directory: C:/Users/silvi/GameMakerProjects/RoboBitch/sprites/spr_GameMaker/layers
[05-01-2026 09:29:30] Checking 1a620d31-8407-4335-b03d-bf66fbf422fe
[05-01-2026 09:29:30] Directory: C:/Users/silvi/GameMakerProjects/RoboBitch/sprites/spr_GameMaker/layers/1a620d31-8407-4335-b03d-bf66fbf422fe
[05-01-2026 09:29:30] Current parent directory: C:/Users/silvi/GameMakerProjects/RoboBitch/sprites/spr_GameMaker/layers/1a620d31-8407-4335-b03d-bf66fbf422fe
[05-01-2026 09:29:30] Checking d74de159-b855-4d33-96be-599af0200f8d.png
[05-01-2026 09:29:30] Current parent directory: C:/Users/silvi/GameMakerProjects/RoboBitch/sprites/spr_HanzeOutside
[05-01-2026 09:29:30] Checking spr_HanzeOutside.yy
[05-01-2026 09:29:30] Parsing C:/Users/silvi/GameMakerProjects/RoboBitch/sprites/spr_HanzeOutside/spr_HanzeOutside.yy
[05-01-2026 09:29:30] Reading C:/Users/silvi/GameMakerProjects/RoboBitch/sprites/spr_HanzeOutside/spr_HanzeOutside.yy
[05-01-2026 09:29:30] Par: "folders/Sprites/BGs" at dir: "C:/Users/silvi/GameMakerProjects/RoboBitch/sprites/spr_HanzeOutside/spr_HanzeOutside.yy"
[05-01-2026 09:29:30] Found Sprite: spr_HanzeOutside
[05-01-2026 09:29:30] Checking layers
[05-01-2026 09:29:30] Directory: C:/Users/silvi/GameMakerProjects/RoboBitch/sprites/spr_HanzeOutside/layers
[05-01-2026 09:29:30] Checking 6db32f5f-6d64-41d1-860b-b112685692dc.png
[05-01-2026 09:29:30] Current parent directory: C:/Users/silvi/GameMakerProjects/RoboBitch/sprites/spr_HanzeOutside/layers
[05-01-2026 09:29:30] Checking 6db32f5f-6d64-41d1-860b-b112685692dc
[05-01-2026 09:29:30] Directory: C:/Users/silvi/GameMakerProjects/RoboBitch/sprites/spr_HanzeOutside/layers/6db32f5f-6d64-41d1-860b-b112685692dc
[05-01-2026 09:29:30] Current parent directory: C:/Users/silvi/GameMakerProjects/RoboBitch/sprites/spr_HanzeOutside/layers/6db32f5f-6d64-41d1-860b-b112685692dc
[05-01-2026 09:29:30] Checking c43f9cfa-d22e-4ac8-b4ec-6846aced52d3.png
[05-01-2026 09:29:30] Current parent directory: C:/Users/silvi/GameMakerProjects/RoboBitch/sprites/spr_HanzeOutsideCM
[05-01-2026 09:29:30] Checking spr_HanzeOutsideCM.yy
[05-01-2026 09:29:30] Parsing C:/Users/silvi/GameMakerProjects/RoboBitch/sprites/spr_HanzeOutsideCM/spr_HanzeOutsideCM.yy
[05-01-2026 09:29:30] Reading C:/Users/silvi/GameMakerProjects/RoboBitch/sprites/spr_HanzeOutsideCM/spr_HanzeOutsideCM.yy
[05-01-2026 09:29:30] Par: "folders/Sprites/BGs/Collision Masks" at dir: "C:/Users/silvi/GameMakerProjects/RoboBitch/sprites/spr_HanzeOutsideCM/spr_HanzeOutsideCM.yy"
[05-01-2026 09:29:30] Found Sprite: spr_HanzeOutsideCM
[05-01-2026 09:29:30] Checking layers
[05-01-2026 09:29:30] Directory: C:/Users/silvi/GameMakerProjects/RoboBitch/sprites/spr_HanzeOutsideCM/layers
[05-01-2026 09:29:30] Checking 37f98e76-cf04-435f-b452-4030bf30582d.png
[05-01-2026 09:29:30] Current parent directory: C:/Users/silvi/GameMakerProjects/RoboBitch/sprites/spr_HanzeOutsideCM/layers
[05-01-2026 09:29:30] Checking 37f98e76-cf04-435f-b452-4030bf30582d
[05-01-2026 09:29:30] Directory: C:/Users/silvi/GameMakerProjects/RoboBitch/sprites/spr_HanzeOutsideCM/layers/37f98e76-cf04-435f-b452-4030bf30582d
[05-01-2026 09:29:30] Current parent directory: C:/Users/silvi/GameMakerProjects/RoboBitch/sprites/spr_HanzeOutsideCM/layers/37f98e76-cf04-435f-b452-4030bf30582d
[05-01-2026 09:29:30] Checking d6d7c100-26ee-4908-b1c5-29a77d634f9b.png
[05-01-2026 09:29:30] Current parent directory: C:/Users/silvi/GameMakerProjects/RoboBitch/sprites/spr_Happy
[05-01-2026 09:29:30] Checking spr_Happy.yy
[05-01-2026 09:29:30] Parsing C:/Users/silvi/GameMakerProjects/RoboBitch/sprites/spr_Happy/spr_Happy.yy
[05-01-2026 09:29:30] Reading C:/Users/silvi/GameMakerProjects/RoboBitch/sprites/spr_Happy/spr_Happy.yy
[05-01-2026 09:29:30] Par: "folders/Sprites/Player" at dir: "C:/Users/silvi/GameMakerProjects/RoboBitch/sprites/spr_Happy/spr_Happy.yy"
[05-01-2026 09:29:30] Found Sprite: spr_Happy
[05-01-2026 09:29:30] Checking layers
[05-01-2026 09:29:30] Directory: C:/Users/silvi/GameMakerProjects/RoboBitch/sprites/spr_Happy/layers
[05-01-2026 09:29:30] Checking 4d01665e-953d-466d-866b-c2188e945933.png
[05-01-2026 09:29:30] Current parent directory: C:/Users/silvi/GameMakerProjects/RoboBitch/sprites/spr_Happy/layers
[05-01-2026 09:29:30] Checking 4d01665e-953d-466d-866b-c2188e945933
[05-01-2026 09:29:30] Directory: C:/Users/silvi/GameMakerProjects/RoboBitch/sprites/spr_Happy/layers/4d01665e-953d-466d-866b-c2188e945933
[05-01-2026 09:29:30] Current parent directory: C:/Users/silvi/GameMakerProjects/RoboBitch/sprites/spr_Happy/layers/4d01665e-953d-466d-866b-c2188e945933
[05-01-2026 09:29:30] Checking 41e4ca40-8370-42a1-b301-f5002e637f45.png
[05-01-2026 09:29:30] Current parent directory: C:/Users/silvi/GameMakerProjects/RoboBitch/sprites/spr_Knob
[05-01-2026 09:29:30] Checking spr_Knob.yy
[05-01-2026 09:29:30] Parsing C:/Users/silvi/GameMakerProjects/RoboBitch/sprites/spr_Knob/spr_Knob.yy
[05-01-2026 09:29:30] Reading C:/Users/silvi/GameMakerProjects/RoboBitch/sprites/spr_Knob/spr_Knob.yy
[05-01-2026 09:29:30] Par: "folders/Sprites/UI" at dir: "C:/Users/silvi/GameMakerProjects/RoboBitch/sprites/spr_Knob/spr_Knob.yy"
[05-01-2026 09:29:30] Found Sprite: spr_Knob
[05-01-2026 09:29:30] Checking layers
[05-01-2026 09:29:30] Directory: C:/Users/silvi/GameMakerProjects/RoboBitch/sprites/spr_Knob/layers
[05-01-2026 09:29:30] Checking 0d750557-93fa-4527-b461-15ad49444fe7.png
[05-01-2026 09:29:30] Current parent directory: C:/Users/silvi/GameMakerProjects/RoboBitch/sprites/spr_Knob/layers
[05-01-2026 09:29:30] Checking 0d750557-93fa-4527-b461-15ad49444fe7
[05-01-2026 09:29:30] Directory: C:/Users/silvi/GameMakerProjects/RoboBitch/sprites/spr_Knob/layers/0d750557-93fa-4527-b461-15ad49444fe7
[05-01-2026 09:29:30] Current parent directory: C:/Users/silvi/GameMakerProjects/RoboBitch/sprites/spr_Knob/layers/0d750557-93fa-4527-b461-15ad49444fe7
[05-01-2026 09:29:30] Checking a98b899e-9d44-4581-94b8-9a1c9faa177b.png
[05-01-2026 09:29:30] Current parent directory: C:/Users/silvi/GameMakerProjects/RoboBitch/sprites/spr_machiene
[05-01-2026 09:29:30] Checking spr_machiene.yy
[05-01-2026 09:29:30] Parsing C:/Users/silvi/GameMakerProjects/RoboBitch/sprites/spr_machiene/spr_machiene.yy
[05-01-2026 09:29:30] Reading C:/Users/silvi/GameMakerProjects/RoboBitch/sprites/spr_machiene/spr_machiene.yy
[05-01-2026 09:29:30] Par: "folders/Sprites/BGs" at dir: "C:/Users/silvi/GameMakerProjects/RoboBitch/sprites/spr_machiene/spr_machiene.yy"
[05-01-2026 09:29:30] Found Sprite: spr_machiene
[05-01-2026 09:29:30] Checking layers
[05-01-2026 09:29:30] Directory: C:/Users/silvi/GameMakerProjects/RoboBitch/sprites/spr_machiene/layers
[05-01-2026 09:29:30] Checking f5d73f6b-0820-4394-bd58-308d93022580.png
[05-01-2026 09:29:30] Checking ebb8f12e-18d2-4026-bb37-2dbf429ce852.png
[05-01-2026 09:29:30] Checking dd7c7c3f-b697-40f2-ac91-fde4bfae491f.png
[05-01-2026 09:29:30] Checking d126153c-4504-4ed1-b74e-6381d6372d91.png
[05-01-2026 09:29:30] Checking c69afb8d-57b4-433f-84ee-55a1fb09cf7a.png
[05-01-2026 09:29:30] Checking 9c19a260-9894-4579-8a80-8edc44ece13a.png
[05-01-2026 09:29:30] Checking 93a5e5e2-90a7-4e5f-9442-89fd2727db8a.png
[05-01-2026 09:29:30] Checking 40c1e664-baa9-4b23-b7f7-305d69042f01.png
[05-01-2026 09:29:30] Checking 08e5285a-914a-46e8-9cc3-fd70afab4cf7.png
[05-01-2026 09:29:30] Current parent directory: C:/Users/silvi/GameMakerProjects/RoboBitch/sprites/spr_machiene/layers
[05-01-2026 09:29:30] Checking f5d73f6b-0820-4394-bd58-308d93022580
[05-01-2026 09:29:30] Directory: C:/Users/silvi/GameMakerProjects/RoboBitch/sprites/spr_machiene/layers/f5d73f6b-0820-4394-bd58-308d93022580
[05-01-2026 09:29:30] Checking ebb8f12e-18d2-4026-bb37-2dbf429ce852
[05-01-2026 09:29:30] Directory: C:/Users/silvi/GameMakerProjects/RoboBitch/sprites/spr_machiene/layers/ebb8f12e-18d2-4026-bb37-2dbf429ce852
[05-01-2026 09:29:30] Checking dd7c7c3f-b697-40f2-ac91-fde4bfae491f
[05-01-2026 09:29:30] Directory: C:/Users/silvi/GameMakerProjects/RoboBitch/sprites/spr_machiene/layers/dd7c7c3f-b697-40f2-ac91-fde4bfae491f
[05-01-2026 09:29:30] Checking d126153c-4504-4ed1-b74e-6381d6372d91
[05-01-2026 09:29:30] Directory: C:/Users/silvi/GameMakerProjects/RoboBitch/sprites/spr_machiene/layers/d126153c-4504-4ed1-b74e-6381d6372d91
[05-01-2026 09:29:30] Checking c69afb8d-57b4-433f-84ee-55a1fb09cf7a
[05-01-2026 09:29:30] Directory: C:/Users/silvi/GameMakerProjects/RoboBitch/sprites/spr_machiene/layers/c69afb8d-57b4-433f-84ee-55a1fb09cf7a
[05-01-2026 09:29:30] Checking 9c19a260-9894-4579-8a80-8edc44ece13a
[05-01-2026 09:29:30] Directory: C:/Users/silvi/GameMakerProjects/RoboBitch/sprites/spr_machiene/layers/9c19a260-9894-4579-8a80-8edc44ece13a
[05-01-2026 09:29:30] Checking 93a5e5e2-90a7-4e5f-9442-89fd2727db8a
[05-01-2026 09:29:30] Directory: C:/Users/silvi/GameMakerProjects/RoboBitch/sprites/spr_machiene/layers/93a5e5e2-90a7-4e5f-9442-89fd2727db8a
[05-01-2026 09:29:30] Checking 40c1e664-baa9-4b23-b7f7-305d69042f01
[05-01-2026 09:29:30] Directory: C:/Users/silvi/GameMakerProjects/RoboBitch/sprites/spr_machiene/layers/40c1e664-baa9-4b23-b7f7-305d69042f01
[05-01-2026 09:29:30] Checking 08e5285a-914a-46e8-9cc3-fd70afab4cf7
[05-01-2026 09:29:30] Directory: C:/Users/silvi/GameMakerProjects/RoboBitch/sprites/spr_machiene/layers/08e5285a-914a-46e8-9cc3-fd70afab4cf7
[05-01-2026 09:29:30] Current parent directory: C:/Users/silvi/GameMakerProjects/RoboBitch/sprites/spr_machiene/layers/08e5285a-914a-46e8-9cc3-fd70afab4cf7
[05-01-2026 09:29:30] Checking e05c56ba-4bb7-4346-9d85-f826f404f07c.png
[05-01-2026 09:29:30] Current parent directory: C:/Users/silvi/GameMakerProjects/RoboBitch/sprites/spr_machiene/layers/40c1e664-baa9-4b23-b7f7-305d69042f01
[05-01-2026 09:29:30] Checking e05c56ba-4bb7-4346-9d85-f826f404f07c.png
[05-01-2026 09:29:30] Current parent directory: C:/Users/silvi/GameMakerProjects/RoboBitch/sprites/spr_machiene/layers/93a5e5e2-90a7-4e5f-9442-89fd2727db8a
[05-01-2026 09:29:30] Checking e05c56ba-4bb7-4346-9d85-f826f404f07c.png
[05-01-2026 09:29:30] Current parent directory: C:/Users/silvi/GameMakerProjects/RoboBitch/sprites/spr_machiene/layers/9c19a260-9894-4579-8a80-8edc44ece13a
[05-01-2026 09:29:30] Checking e05c56ba-4bb7-4346-9d85-f826f404f07c.png
[05-01-2026 09:29:30] Current parent directory: C:/Users/silvi/GameMakerProjects/RoboBitch/sprites/spr_machiene/layers/c69afb8d-57b4-433f-84ee-55a1fb09cf7a
[05-01-2026 09:29:30] Checking e05c56ba-4bb7-4346-9d85-f826f404f07c.png
[05-01-2026 09:29:30] Current parent directory: C:/Users/silvi/GameMakerProjects/RoboBitch/sprites/spr_machiene/layers/d126153c-4504-4ed1-b74e-6381d6372d91
[05-01-2026 09:29:30] Checking e05c56ba-4bb7-4346-9d85-f826f404f07c.png
[05-01-2026 09:29:30] Current parent directory: C:/Users/silvi/GameMakerProjects/RoboBitch/sprites/spr_machiene/layers/dd7c7c3f-b697-40f2-ac91-fde4bfae491f
[05-01-2026 09:29:30] Checking e05c56ba-4bb7-4346-9d85-f826f404f07c.png
[05-01-2026 09:29:30] Current parent directory: C:/Users/silvi/GameMakerProjects/RoboBitch/sprites/spr_machiene/layers/ebb8f12e-18d2-4026-bb37-2dbf429ce852
[05-01-2026 09:29:30] Checking e05c56ba-4bb7-4346-9d85-f826f404f07c.png
[05-01-2026 09:29:30] Current parent directory: C:/Users/silvi/GameMakerProjects/RoboBitch/sprites/spr_machiene/layers/f5d73f6b-0820-4394-bd58-308d93022580
[05-01-2026 09:29:30] Checking e05c56ba-4bb7-4346-9d85-f826f404f07c.png
[05-01-2026 09:29:30] Current parent directory: C:/Users/silvi/GameMakerProjects/RoboBitch/sprites/spr_MainHall
[05-01-2026 09:29:30] Checking spr_MainHall.yy
[05-01-2026 09:29:30] Parsing C:/Users/silvi/GameMakerProjects/RoboBitch/sprites/spr_MainHall/spr_MainHall.yy
[05-01-2026 09:29:30] Reading C:/Users/silvi/GameMakerProjects/RoboBitch/sprites/spr_MainHall/spr_MainHall.yy
[05-01-2026 09:29:30] Par: "folders/Sprites/BGs" at dir: "C:/Users/silvi/GameMakerProjects/RoboBitch/sprites/spr_MainHall/spr_MainHall.yy"
[05-01-2026 09:29:30] Found Sprite: spr_MainHall
[05-01-2026 09:29:30] Checking layers
[05-01-2026 09:29:30] Directory: C:/Users/silvi/GameMakerProjects/RoboBitch/sprites/spr_MainHall/layers
[05-01-2026 09:29:30] Checking 1c0b032b-493e-4899-aa3a-35a79f29d4b1.png
[05-01-2026 09:29:30] Current parent directory: C:/Users/silvi/GameMakerProjects/RoboBitch/sprites/spr_MainHall/layers
[05-01-2026 09:29:30] Checking 1c0b032b-493e-4899-aa3a-35a79f29d4b1
[05-01-2026 09:29:30] Directory: C:/Users/silvi/GameMakerProjects/RoboBitch/sprites/spr_MainHall/layers/1c0b032b-493e-4899-aa3a-35a79f29d4b1
[05-01-2026 09:29:30] Current parent directory: C:/Users/silvi/GameMakerProjects/RoboBitch/sprites/spr_MainHall/layers/1c0b032b-493e-4899-aa3a-35a79f29d4b1
[05-01-2026 09:29:30] Checking 158a60cd-b358-4fd0-a05f-53b7b952e40e.png
[05-01-2026 09:29:30] Current parent directory: C:/Users/silvi/GameMakerProjects/RoboBitch/sprites/spr_MainHallCM
[05-01-2026 09:29:30] Checking spr_MainHallCM.yy
[05-01-2026 09:29:30] Parsing C:/Users/silvi/GameMakerProjects/RoboBitch/sprites/spr_MainHallCM/spr_MainHallCM.yy
[05-01-2026 09:29:30] Reading C:/Users/silvi/GameMakerProjects/RoboBitch/sprites/spr_MainHallCM/spr_MainHallCM.yy
[05-01-2026 09:29:30] Par: "folders/Sprites/BGs/Collision Masks" at dir: "C:/Users/silvi/GameMakerProjects/RoboBitch/sprites/spr_MainHallCM/spr_MainHallCM.yy"
[05-01-2026 09:29:30] Found Sprite: spr_MainHallCM
[05-01-2026 09:29:30] Checking layers
[05-01-2026 09:29:30] Directory: C:/Users/silvi/GameMakerProjects/RoboBitch/sprites/spr_MainHallCM/layers
[05-01-2026 09:29:30] Checking 21af9647-65c9-4808-8705-37b9241fe4c4.png
[05-01-2026 09:29:30] Current parent directory: C:/Users/silvi/GameMakerProjects/RoboBitch/sprites/spr_MainHallCM/layers
[05-01-2026 09:29:30] Checking 21af9647-65c9-4808-8705-37b9241fe4c4
[05-01-2026 09:29:30] Directory: C:/Users/silvi/GameMakerProjects/RoboBitch/sprites/spr_MainHallCM/layers/21af9647-65c9-4808-8705-37b9241fe4c4
[05-01-2026 09:29:30] Current parent directory: C:/Users/silvi/GameMakerProjects/RoboBitch/sprites/spr_MainHallCM/layers/21af9647-65c9-4808-8705-37b9241fe4c4
[05-01-2026 09:29:30] Checking da436ffc-006c-48bb-b10c-62c2f2ad1b2e.png
[05-01-2026 09:29:30] Current parent directory: C:/Users/silvi/GameMakerProjects/RoboBitch/sprites/spr_MainMenu
[05-01-2026 09:29:30] Checking spr_MainMenu.yy
[05-01-2026 09:29:30] Parsing C:/Users/silvi/GameMakerProjects/RoboBitch/sprites/spr_MainMenu/spr_MainMenu.yy
[05-01-2026 09:29:30] Reading C:/Users/silvi/GameMakerProjects/RoboBitch/sprites/spr_MainMenu/spr_MainMenu.yy
[05-01-2026 09:29:30] Par: "folders/Sprites/UI" at dir: "C:/Users/silvi/GameMakerProjects/RoboBitch/sprites/spr_MainMenu/spr_MainMenu.yy"
[05-01-2026 09:29:30] Found Sprite: spr_MainMenu
[05-01-2026 09:29:30] Checking layers
[05-01-2026 09:29:30] Directory: C:/Users/silvi/GameMakerProjects/RoboBitch/sprites/spr_MainMenu/layers
[05-01-2026 09:29:30] Checking 750f1c07-922c-4a8c-a1f3-88000767855d.png
[05-01-2026 09:29:30] Current parent directory: C:/Users/silvi/GameMakerProjects/RoboBitch/sprites/spr_MainMenu/layers
[05-01-2026 09:29:30] Checking 750f1c07-922c-4a8c-a1f3-88000767855d
[05-01-2026 09:29:30] Directory: C:/Users/silvi/GameMakerProjects/RoboBitch/sprites/spr_MainMenu/layers/750f1c07-922c-4a8c-a1f3-88000767855d
[05-01-2026 09:29:30] Current parent directory: C:/Users/silvi/GameMakerProjects/RoboBitch/sprites/spr_MainMenu/layers/750f1c07-922c-4a8c-a1f3-88000767855d
[05-01-2026 09:29:30] Checking 67a4e461-3f08-4ad6-a6c4-c70a92138676.png
[05-01-2026 09:29:30] Current parent directory: C:/Users/silvi/GameMakerProjects/RoboBitch/sprites/spr_MakerspaceINSIDE
[05-01-2026 09:29:30] Checking spr_MakerspaceINSIDE.yy
[05-01-2026 09:29:30] Parsing C:/Users/silvi/GameMakerProjects/RoboBitch/sprites/spr_MakerspaceINSIDE/spr_MakerspaceINSIDE.yy
[05-01-2026 09:29:30] Reading C:/Users/silvi/GameMakerProjects/RoboBitch/sprites/spr_MakerspaceINSIDE/spr_MakerspaceINSIDE.yy
[05-01-2026 09:29:30] Par: "folders/Sprites/BGs" at dir: "C:/Users/silvi/GameMakerProjects/RoboBitch/sprites/spr_MakerspaceINSIDE/spr_MakerspaceINSIDE.yy"
[05-01-2026 09:29:30] Found Sprite: spr_MakerspaceINSIDE
[05-01-2026 09:29:30] Checking layers
[05-01-2026 09:29:30] Directory: C:/Users/silvi/GameMakerProjects/RoboBitch/sprites/spr_MakerspaceINSIDE/layers
[05-01-2026 09:29:30] Checking 562e15da-972d-4c46-9c14-ec57a0737dee.png
[05-01-2026 09:29:30] Current parent directory: C:/Users/silvi/GameMakerProjects/RoboBitch/sprites/spr_MakerspaceINSIDE/layers
[05-01-2026 09:29:30] Checking 562e15da-972d-4c46-9c14-ec57a0737dee
[05-01-2026 09:29:30] Directory: C:/Users/silvi/GameMakerProjects/RoboBitch/sprites/spr_MakerspaceINSIDE/layers/562e15da-972d-4c46-9c14-ec57a0737dee
[05-01-2026 09:29:30] Current parent directory: C:/Users/silvi/GameMakerProjects/RoboBitch/sprites/spr_MakerspaceINSIDE/layers/562e15da-972d-4c46-9c14-ec57a0737dee
[05-01-2026 09:29:30] Checking 887e0e0a-7af2-45dc-9533-7685f60b2ee7.png
[05-01-2026 09:29:30] Current parent directory: C:/Users/silvi/GameMakerProjects/RoboBitch/sprites/spr_Micheal
[05-01-2026 09:29:30] Checking spr_Micheal.yy
[05-01-2026 09:29:30] Parsing C:/Users/silvi/GameMakerProjects/RoboBitch/sprites/spr_Micheal/spr_Micheal.yy
[05-01-2026 09:29:30] Reading C:/Users/silvi/GameMakerProjects/RoboBitch/sprites/spr_Micheal/spr_Micheal.yy
[05-01-2026 09:29:30] Par: "folders/Sprites" at dir: "C:/Users/silvi/GameMakerProjects/RoboBitch/sprites/spr_Micheal/spr_Micheal.yy"
[05-01-2026 09:29:30] Found Sprite: spr_Micheal
[05-01-2026 09:29:30] Checking layers
[05-01-2026 09:29:30] Directory: C:/Users/silvi/GameMakerProjects/RoboBitch/sprites/spr_Micheal/layers
[05-01-2026 09:29:30] Checking d3c76f4e-7521-4f75-9a8c-cc7bea0a0139.png
[05-01-2026 09:29:30] Current parent directory: C:/Users/silvi/GameMakerProjects/RoboBitch/sprites/spr_Micheal/layers
[05-01-2026 09:29:30] Checking d3c76f4e-7521-4f75-9a8c-cc7bea0a0139
[05-01-2026 09:29:30] Directory: C:/Users/silvi/GameMakerProjects/RoboBitch/sprites/spr_Micheal/layers/d3c76f4e-7521-4f75-9a8c-cc7bea0a0139
[05-01-2026 09:29:30] Current parent directory: C:/Users/silvi/GameMakerProjects/RoboBitch/sprites/spr_Micheal/layers/d3c76f4e-7521-4f75-9a8c-cc7bea0a0139
[05-01-2026 09:29:30] Checking c608a857-e4b4-42df-b4f1-fb5231d04b86.png
[05-01-2026 09:29:30] Current parent directory: C:/Users/silvi/GameMakerProjects/RoboBitch/sprites/spr_NotARobot
[05-01-2026 09:29:30] Checking spr_NotARobot.yy
[05-01-2026 09:29:30] Parsing C:/Users/silvi/GameMakerProjects/RoboBitch/sprites/spr_NotARobot/spr_NotARobot.yy
[05-01-2026 09:29:30] Reading C:/Users/silvi/GameMakerProjects/RoboBitch/sprites/spr_NotARobot/spr_NotARobot.yy
[05-01-2026 09:29:30] Par: "folders/Sprites/UI/Phone" at dir: "C:/Users/silvi/GameMakerProjects/RoboBitch/sprites/spr_NotARobot/spr_NotARobot.yy"
[05-01-2026 09:29:30] Found Sprite: spr_NotARobot
[05-01-2026 09:29:30] Checking layers
[05-01-2026 09:29:30] Directory: C:/Users/silvi/GameMakerProjects/RoboBitch/sprites/spr_NotARobot/layers
[05-01-2026 09:29:30] Checking d7b7269b-c35f-4e6c-96a9-93fcfeabc1b0.png
[05-01-2026 09:29:30] Current parent directory: C:/Users/silvi/GameMakerProjects/RoboBitch/sprites/spr_NotARobot/layers
[05-01-2026 09:29:30] Checking d7b7269b-c35f-4e6c-96a9-93fcfeabc1b0
[05-01-2026 09:29:30] Directory: C:/Users/silvi/GameMakerProjects/RoboBitch/sprites/spr_NotARobot/layers/d7b7269b-c35f-4e6c-96a9-93fcfeabc1b0
[05-01-2026 09:29:30] Current parent directory: C:/Users/silvi/GameMakerProjects/RoboBitch/sprites/spr_NotARobot/layers/d7b7269b-c35f-4e6c-96a9-93fcfeabc1b0
[05-01-2026 09:29:30] Checking c4e12c69-a20f-46ae-989d-d63a212ab81b.png
[05-01-2026 09:29:30] Current parent directory: C:/Users/silvi/GameMakerProjects/RoboBitch/sprites/spr_OutsideCM
[05-01-2026 09:29:30] Checking spr_OutsideCM.yy
[05-01-2026 09:29:30] Parsing C:/Users/silvi/GameMakerProjects/RoboBitch/sprites/spr_OutsideCM/spr_OutsideCM.yy
[05-01-2026 09:29:30] Reading C:/Users/silvi/GameMakerProjects/RoboBitch/sprites/spr_OutsideCM/spr_OutsideCM.yy
[05-01-2026 09:29:30] Par: "folders/Sprites/BGs/Collision Masks" at dir: "C:/Users/silvi/GameMakerProjects/RoboBitch/sprites/spr_OutsideCM/spr_OutsideCM.yy"
[05-01-2026 09:29:30] Found Sprite: spr_OutsideCM
[05-01-2026 09:29:30] Checking layers
[05-01-2026 09:29:30] Directory: C:/Users/silvi/GameMakerProjects/RoboBitch/sprites/spr_OutsideCM/layers
[05-01-2026 09:29:30] Checking a8125d7e-f653-45a1-a5c8-02b0cd84d6f1.png
[05-01-2026 09:29:30] Current parent directory: C:/Users/silvi/GameMakerProjects/RoboBitch/sprites/spr_OutsideCM/layers
[05-01-2026 09:29:30] Checking a8125d7e-f653-45a1-a5c8-02b0cd84d6f1
[05-01-2026 09:29:30] Directory: C:/Users/silvi/GameMakerProjects/RoboBitch/sprites/spr_OutsideCM/layers/a8125d7e-f653-45a1-a5c8-02b0cd84d6f1
[05-01-2026 09:29:30] Current parent directory: C:/Users/silvi/GameMakerProjects/RoboBitch/sprites/spr_OutsideCM/layers/a8125d7e-f653-45a1-a5c8-02b0cd84d6f1
[05-01-2026 09:29:30] Checking d254ea08-9877-4ce7-9d8f-c45f417da31a.png
[05-01-2026 09:29:30] Current parent directory: C:/Users/silvi/GameMakerProjects/RoboBitch/sprites/spr_OVCardReader
[05-01-2026 09:29:30] Checking spr_OVCardReader.yy
[05-01-2026 09:29:30] Parsing C:/Users/silvi/GameMakerProjects/RoboBitch/sprites/spr_OVCardReader/spr_OVCardReader.yy
[05-01-2026 09:29:30] Reading C:/Users/silvi/GameMakerProjects/RoboBitch/sprites/spr_OVCardReader/spr_OVCardReader.yy
[05-01-2026 09:29:30] Par: "folders/Sprites/BGs" at dir: "C:/Users/silvi/GameMakerProjects/RoboBitch/sprites/spr_OVCardReader/spr_OVCardReader.yy"
[05-01-2026 09:29:30] Found Sprite: spr_OVCardReader
[05-01-2026 09:29:30] Checking layers
[05-01-2026 09:29:30] Directory: C:/Users/silvi/GameMakerProjects/RoboBitch/sprites/spr_OVCardReader/layers
[05-01-2026 09:29:30] Checking fc45e6a2-5231-459f-be6a-614b85e0d207.png
[05-01-2026 09:29:30] Current parent directory: C:/Users/silvi/GameMakerProjects/RoboBitch/sprites/spr_OVCardReader/layers
[05-01-2026 09:29:30] Checking fc45e6a2-5231-459f-be6a-614b85e0d207
[05-01-2026 09:29:30] Directory: C:/Users/silvi/GameMakerProjects/RoboBitch/sprites/spr_OVCardReader/layers/fc45e6a2-5231-459f-be6a-614b85e0d207
[05-01-2026 09:29:30] Current parent directory: C:/Users/silvi/GameMakerProjects/RoboBitch/sprites/spr_OVCardReader/layers/fc45e6a2-5231-459f-be6a-614b85e0d207
[05-01-2026 09:29:30] Checking d7fadab5-ebcc-4aaa-b593-7065ba6de9fa.png
[05-01-2026 09:29:30] Current parent directory: C:/Users/silvi/GameMakerProjects/RoboBitch/sprites/spr_PauseMenu
[05-01-2026 09:29:30] Checking spr_PauseMenu.yy
[05-01-2026 09:29:30] Parsing C:/Users/silvi/GameMakerProjects/RoboBitch/sprites/spr_PauseMenu/spr_PauseMenu.yy
[05-01-2026 09:29:30] Reading C:/Users/silvi/GameMakerProjects/RoboBitch/sprites/spr_PauseMenu/spr_PauseMenu.yy
[05-01-2026 09:29:30] Par: "folders/Sprites/UI" at dir: "C:/Users/silvi/GameMakerProjects/RoboBitch/sprites/spr_PauseMenu/spr_PauseMenu.yy"
[05-01-2026 09:29:30] Found Sprite: spr_PauseMenu
[05-01-2026 09:29:30] Checking layers
[05-01-2026 09:29:30] Directory: C:/Users/silvi/GameMakerProjects/RoboBitch/sprites/spr_PauseMenu/layers
[05-01-2026 09:29:30] Checking 203ac7cf-4369-4cdf-a657-34c95a0f7ddf.png
[05-01-2026 09:29:30] Current parent directory: C:/Users/silvi/GameMakerProjects/RoboBitch/sprites/spr_PauseMenu/layers
[05-01-2026 09:29:30] Checking 203ac7cf-4369-4cdf-a657-34c95a0f7ddf
[05-01-2026 09:29:30] Directory: C:/Users/silvi/GameMakerProjects/RoboBitch/sprites/spr_PauseMenu/layers/203ac7cf-4369-4cdf-a657-34c95a0f7ddf
[05-01-2026 09:29:30] Current parent directory: C:/Users/silvi/GameMakerProjects/RoboBitch/sprites/spr_PauseMenu/layers/203ac7cf-4369-4cdf-a657-34c95a0f7ddf
[05-01-2026 09:29:30] Checking c430d9b5-1940-43aa-8c4c-af8585b8a4a1.png
[05-01-2026 09:29:30] Current parent directory: C:/Users/silvi/GameMakerProjects/RoboBitch/sprites/spr_Phone
[05-01-2026 09:29:30] Checking spr_Phone.yy
[05-01-2026 09:29:30] Parsing C:/Users/silvi/GameMakerProjects/RoboBitch/sprites/spr_Phone/spr_Phone.yy
[05-01-2026 09:29:30] Reading C:/Users/silvi/GameMakerProjects/RoboBitch/sprites/spr_Phone/spr_Phone.yy
[05-01-2026 09:29:30] Par: "folders/Sprites/UI/Phone" at dir: "C:/Users/silvi/GameMakerProjects/RoboBitch/sprites/spr_Phone/spr_Phone.yy"
[05-01-2026 09:29:30] Found Sprite: spr_Phone
[05-01-2026 09:29:30] Checking layers
[05-01-2026 09:29:30] Directory: C:/Users/silvi/GameMakerProjects/RoboBitch/sprites/spr_Phone/layers
[05-01-2026 09:29:30] Checking ec6d92f9-433c-4410-967a-4209cb4f1ba6.png
[05-01-2026 09:29:30] Current parent directory: C:/Users/silvi/GameMakerProjects/RoboBitch/sprites/spr_Phone/layers
[05-01-2026 09:29:30] Checking ec6d92f9-433c-4410-967a-4209cb4f1ba6
[05-01-2026 09:29:30] Directory: C:/Users/silvi/GameMakerProjects/RoboBitch/sprites/spr_Phone/layers/ec6d92f9-433c-4410-967a-4209cb4f1ba6
[05-01-2026 09:29:30] Current parent directory: C:/Users/silvi/GameMakerProjects/RoboBitch/sprites/spr_Phone/layers/ec6d92f9-433c-4410-967a-4209cb4f1ba6
[05-01-2026 09:29:30] Checking 8d631b59-1789-4d50-b8de-4258021a7583.png
[05-01-2026 09:29:30] Current parent directory: C:/Users/silvi/GameMakerProjects/RoboBitch/sprites/spr_PlayerTemp
[05-01-2026 09:29:30] Checking spr_PlayerTemp.yy
[05-01-2026 09:29:30] Parsing C:/Users/silvi/GameMakerProjects/RoboBitch/sprites/spr_PlayerTemp/spr_PlayerTemp.yy
[05-01-2026 09:29:30] Reading C:/Users/silvi/GameMakerProjects/RoboBitch/sprites/spr_PlayerTemp/spr_PlayerTemp.yy
[05-01-2026 09:29:30] Par: "folders/Sprites/Player" at dir: "C:/Users/silvi/GameMakerProjects/RoboBitch/sprites/spr_PlayerTemp/spr_PlayerTemp.yy"
[05-01-2026 09:29:30] Found Sprite: spr_PlayerTemp
[05-01-2026 09:29:30] Checking layers
[05-01-2026 09:29:30] Directory: C:/Users/silvi/GameMakerProjects/RoboBitch/sprites/spr_PlayerTemp/layers
[05-01-2026 09:29:30] Checking 0ba8c8ae-618e-4387-9cd2-341461d1dbd7.png
[05-01-2026 09:29:30] Current parent directory: C:/Users/silvi/GameMakerProjects/RoboBitch/sprites/spr_PlayerTemp/layers
[05-01-2026 09:29:30] Checking 0ba8c8ae-618e-4387-9cd2-341461d1dbd7
[05-01-2026 09:29:30] Directory: C:/Users/silvi/GameMakerProjects/RoboBitch/sprites/spr_PlayerTemp/layers/0ba8c8ae-618e-4387-9cd2-341461d1dbd7
[05-01-2026 09:29:30] Current parent directory: C:/Users/silvi/GameMakerProjects/RoboBitch/sprites/spr_PlayerTemp/layers/0ba8c8ae-618e-4387-9cd2-341461d1dbd7
[05-01-2026 09:29:30] Checking c620d946-91a7-4113-ac30-a13deee7b61f.png
[05-01-2026 09:29:30] Current parent directory: C:/Users/silvi/GameMakerProjects/RoboBitch/sprites/spr_Portrait
[05-01-2026 09:29:30] Checking spr_Portrait.yy
[05-01-2026 09:29:30] Parsing C:/Users/silvi/GameMakerProjects/RoboBitch/sprites/spr_Portrait/spr_Portrait.yy
[05-01-2026 09:29:30] Reading C:/Users/silvi/GameMakerProjects/RoboBitch/sprites/spr_Portrait/spr_Portrait.yy
[05-01-2026 09:29:30] Par: "folders/Sprites" at dir: "C:/Users/silvi/GameMakerProjects/RoboBitch/sprites/spr_Portrait/spr_Portrait.yy"
[05-01-2026 09:29:30] Found Sprite: spr_Portrait
[05-01-2026 09:29:30] Checking layers
[05-01-2026 09:29:30] Directory: C:/Users/silvi/GameMakerProjects/RoboBitch/sprites/spr_Portrait/layers
[05-01-2026 09:29:30] Checking 6309e326-fc20-406c-93cb-ff51fb8198b7.png
[05-01-2026 09:29:30] Current parent directory: C:/Users/silvi/GameMakerProjects/RoboBitch/sprites/spr_Portrait/layers
[05-01-2026 09:29:30] Checking 6309e326-fc20-406c-93cb-ff51fb8198b7
[05-01-2026 09:29:30] Directory: C:/Users/silvi/GameMakerProjects/RoboBitch/sprites/spr_Portrait/layers/6309e326-fc20-406c-93cb-ff51fb8198b7
[05-01-2026 09:29:30] Current parent directory: C:/Users/silvi/GameMakerProjects/RoboBitch/sprites/spr_Portrait/layers/6309e326-fc20-406c-93cb-ff51fb8198b7
[05-01-2026 09:29:30] Checking e877cd17-2ca4-41ab-8ad3-d6c1eef1b429.png
[05-01-2026 09:29:30] Current parent directory: C:/Users/silvi/GameMakerProjects/RoboBitch/sprites/spr_Robot
[05-01-2026 09:29:30] Checking spr_Robot.yy
[05-01-2026 09:29:30] Parsing C:/Users/silvi/GameMakerProjects/RoboBitch/sprites/spr_Robot/spr_Robot.yy
[05-01-2026 09:29:30] Reading C:/Users/silvi/GameMakerProjects/RoboBitch/sprites/spr_Robot/spr_Robot.yy
[05-01-2026 09:29:30] Par: "folders/Sprites/Player" at dir: "C:/Users/silvi/GameMakerProjects/RoboBitch/sprites/spr_Robot/spr_Robot.yy"
[05-01-2026 09:29:30] Found Sprite: spr_Robot
[05-01-2026 09:29:30] Checking layers
[05-01-2026 09:29:30] Directory: C:/Users/silvi/GameMakerProjects/RoboBitch/sprites/spr_Robot/layers
[05-01-2026 09:29:30] Checking 5b691eef-5d32-485f-9a97-8dfff62102a6.png
[05-01-2026 09:29:30] Current parent directory: C:/Users/silvi/GameMakerProjects/RoboBitch/sprites/spr_Robot/layers
[05-01-2026 09:29:30] Checking 5b691eef-5d32-485f-9a97-8dfff62102a6
[05-01-2026 09:29:30] Directory: C:/Users/silvi/GameMakerProjects/RoboBitch/sprites/spr_Robot/layers/5b691eef-5d32-485f-9a97-8dfff62102a6
[05-01-2026 09:29:30] Current parent directory: C:/Users/silvi/GameMakerProjects/RoboBitch/sprites/spr_Robot/layers/5b691eef-5d32-485f-9a97-8dfff62102a6
[05-01-2026 09:29:30] Checking 2ce1beed-1d65-4f8b-a0e7-45c0b5d83a4a.png
[05-01-2026 09:29:30] Current parent directory: C:/Users/silvi/GameMakerProjects/RoboBitch/sprites/spr_Sad
[05-01-2026 09:29:30] Checking spr_Sad.yy
[05-01-2026 09:29:30] Parsing C:/Users/silvi/GameMakerProjects/RoboBitch/sprites/spr_Sad/spr_Sad.yy
[05-01-2026 09:29:30] Reading C:/Users/silvi/GameMakerProjects/RoboBitch/sprites/spr_Sad/spr_Sad.yy
[05-01-2026 09:29:30] Par: "folders/Sprites/Player" at dir: "C:/Users/silvi/GameMakerProjects/RoboBitch/sprites/spr_Sad/spr_Sad.yy"
[05-01-2026 09:29:30] Found Sprite: spr_Sad
[05-01-2026 09:29:30] Checking layers
[05-01-2026 09:29:30] Directory: C:/Users/silvi/GameMakerProjects/RoboBitch/sprites/spr_Sad/layers
[05-01-2026 09:29:30] Checking f5a92661-d080-48c5-9491-ad3c2a7f66d4.png
[05-01-2026 09:29:30] Current parent directory: C:/Users/silvi/GameMakerProjects/RoboBitch/sprites/spr_Sad/layers
[05-01-2026 09:29:30] Checking f5a92661-d080-48c5-9491-ad3c2a7f66d4
[05-01-2026 09:29:30] Directory: C:/Users/silvi/GameMakerProjects/RoboBitch/sprites/spr_Sad/layers/f5a92661-d080-48c5-9491-ad3c2a7f66d4
[05-01-2026 09:29:30] Current parent directory: C:/Users/silvi/GameMakerProjects/RoboBitch/sprites/spr_Sad/layers/f5a92661-d080-48c5-9491-ad3c2a7f66d4
[05-01-2026 09:29:30] Checking a1fd0198-0725-4960-a493-bb216cb1d67f.png
[05-01-2026 09:29:30] Current parent directory: C:/Users/silvi/GameMakerProjects/RoboBitch/sprites/spr_Shock
[05-01-2026 09:29:30] Checking spr_Shock.yy
[05-01-2026 09:29:30] Parsing C:/Users/silvi/GameMakerProjects/RoboBitch/sprites/spr_Shock/spr_Shock.yy
[05-01-2026 09:29:30] Reading C:/Users/silvi/GameMakerProjects/RoboBitch/sprites/spr_Shock/spr_Shock.yy
[05-01-2026 09:29:30] Par: "folders/Sprites/Player" at dir: "C:/Users/silvi/GameMakerProjects/RoboBitch/sprites/spr_Shock/spr_Shock.yy"
[05-01-2026 09:29:30] Found Sprite: spr_Shock
[05-01-2026 09:29:30] Checking layers
[05-01-2026 09:29:30] Directory: C:/Users/silvi/GameMakerProjects/RoboBitch/sprites/spr_Shock/layers
[05-01-2026 09:29:30] Checking abf9df65-adc1-4004-996c-eee0c81e0bbc.png
[05-01-2026 09:29:30] Current parent directory: C:/Users/silvi/GameMakerProjects/RoboBitch/sprites/spr_Shock/layers
[05-01-2026 09:29:30] Checking abf9df65-adc1-4004-996c-eee0c81e0bbc
[05-01-2026 09:29:30] Directory: C:/Users/silvi/GameMakerProjects/RoboBitch/sprites/spr_Shock/layers/abf9df65-adc1-4004-996c-eee0c81e0bbc
[05-01-2026 09:29:30] Current parent directory: C:/Users/silvi/GameMakerProjects/RoboBitch/sprites/spr_Shock/layers/abf9df65-adc1-4004-996c-eee0c81e0bbc
[05-01-2026 09:29:30] Checking c4260c17-9078-421f-83e9-fdb2c7044384.png
[05-01-2026 09:29:30] Current parent directory: C:/Users/silvi/GameMakerProjects/RoboBitch/sprites/spr_SliderBar
[05-01-2026 09:29:30] Checking spr_SliderBar.yy
[05-01-2026 09:29:30] Parsing C:/Users/silvi/GameMakerProjects/RoboBitch/sprites/spr_SliderBar/spr_SliderBar.yy
[05-01-2026 09:29:30] Reading C:/Users/silvi/GameMakerProjects/RoboBitch/sprites/spr_SliderBar/spr_SliderBar.yy
[05-01-2026 09:29:30] Par: "folders/Sprites/UI" at dir: "C:/Users/silvi/GameMakerProjects/RoboBitch/sprites/spr_SliderBar/spr_SliderBar.yy"
[05-01-2026 09:29:30] Found Sprite: spr_SliderBar
[05-01-2026 09:29:30] Checking layers
[05-01-2026 09:29:30] Directory: C:/Users/silvi/GameMakerProjects/RoboBitch/sprites/spr_SliderBar/layers
[05-01-2026 09:29:30] Checking a7ee0834-2377-40bb-9e35-6e675affd2ab.png
[05-01-2026 09:29:30] Current parent directory: C:/Users/silvi/GameMakerProjects/RoboBitch/sprites/spr_SliderBar/layers
[05-01-2026 09:29:30] Checking a7ee0834-2377-40bb-9e35-6e675affd2ab
[05-01-2026 09:29:30] Directory: C:/Users/silvi/GameMakerProjects/RoboBitch/sprites/spr_SliderBar/layers/a7ee0834-2377-40bb-9e35-6e675affd2ab
[05-01-2026 09:29:30] Current parent directory: C:/Users/silvi/GameMakerProjects/RoboBitch/sprites/spr_SliderBar/layers/a7ee0834-2377-40bb-9e35-6e675affd2ab
[05-01-2026 09:29:30] Checking cb194ede-2cb3-4884-ae19-cedef2aaa0d6.png
[05-01-2026 09:29:30] Current parent directory: C:/Users/silvi/GameMakerProjects/RoboBitch/sprites/spr_SliderKnob
[05-01-2026 09:29:30] Checking spr_SliderKnob.yy
[05-01-2026 09:29:30] Parsing C:/Users/silvi/GameMakerProjects/RoboBitch/sprites/spr_SliderKnob/spr_SliderKnob.yy
[05-01-2026 09:29:30] Reading C:/Users/silvi/GameMakerProjects/RoboBitch/sprites/spr_SliderKnob/spr_SliderKnob.yy
[05-01-2026 09:29:30] Par: "folders/Sprites/UI" at dir: "C:/Users/silvi/GameMakerProjects/RoboBitch/sprites/spr_SliderKnob/spr_SliderKnob.yy"
[05-01-2026 09:29:30] Found Sprite: spr_SliderKnob
[05-01-2026 09:29:30] Checking layers
[05-01-2026 09:29:30] Directory: C:/Users/silvi/GameMakerProjects/RoboBitch/sprites/spr_SliderKnob/layers
[05-01-2026 09:29:30] Checking f4de1435-c314-428d-bdb9-dd9e75991031.png
[05-01-2026 09:29:30] Checking dc550953-fb92-4ccb-bf73-6580a749bfe8.png
[05-01-2026 09:29:30] Checking 77815319-797d-48f9-a226-a1dcefdf1765.png
[05-01-2026 09:29:30] Checking 61f61def-22ad-4a60-b4f2-2ea7273597b4.png
[05-01-2026 09:29:30] Current parent directory: C:/Users/silvi/GameMakerProjects/RoboBitch/sprites/spr_SliderKnob/layers
[05-01-2026 09:29:30] Checking f4de1435-c314-428d-bdb9-dd9e75991031
[05-01-2026 09:29:30] Directory: C:/Users/silvi/GameMakerProjects/RoboBitch/sprites/spr_SliderKnob/layers/f4de1435-c314-428d-bdb9-dd9e75991031
[05-01-2026 09:29:30] Checking dc550953-fb92-4ccb-bf73-6580a749bfe8
[05-01-2026 09:29:30] Directory: C:/Users/silvi/GameMakerProjects/RoboBitch/sprites/spr_SliderKnob/layers/dc550953-fb92-4ccb-bf73-6580a749bfe8
[05-01-2026 09:29:30] Checking 77815319-797d-48f9-a226-a1dcefdf1765
[05-01-2026 09:29:30] Directory: C:/Users/silvi/GameMakerProjects/RoboBitch/sprites/spr_SliderKnob/layers/77815319-797d-48f9-a226-a1dcefdf1765
[05-01-2026 09:29:30] Checking 61f61def-22ad-4a60-b4f2-2ea7273597b4
[05-01-2026 09:29:30] Directory: C:/Users/silvi/GameMakerProjects/RoboBitch/sprites/spr_SliderKnob/layers/61f61def-22ad-4a60-b4f2-2ea7273597b4
[05-01-2026 09:29:30] Current parent directory: C:/Users/silvi/GameMakerProjects/RoboBitch/sprites/spr_SliderKnob/layers/61f61def-22ad-4a60-b4f2-2ea7273597b4
[05-01-2026 09:29:30] Checking 8c93dff1-76a1-4893-818a-f1e7b676c26a.png
[05-01-2026 09:29:30] Current parent directory: C:/Users/silvi/GameMakerProjects/RoboBitch/sprites/spr_SliderKnob/layers/77815319-797d-48f9-a226-a1dcefdf1765
[05-01-2026 09:29:30] Checking 8c93dff1-76a1-4893-818a-f1e7b676c26a.png
[05-01-2026 09:29:30] Current parent directory: C:/Users/silvi/GameMakerProjects/RoboBitch/sprites/spr_SliderKnob/layers/dc550953-fb92-4ccb-bf73-6580a749bfe8
[05-01-2026 09:29:30] Checking 884819fa-0597-4fc5-98eb-be84bc6416af.png
[05-01-2026 09:29:30] Current parent directory: C:/Users/silvi/GameMakerProjects/RoboBitch/sprites/spr_SliderKnob/layers/f4de1435-c314-428d-bdb9-dd9e75991031
[05-01-2026 09:29:30] Checking 8c93dff1-76a1-4893-818a-f1e7b676c26a.png
[05-01-2026 09:29:30] Current parent directory: C:/Users/silvi/GameMakerProjects/RoboBitch/sprites/spr_talkingbubble
[05-01-2026 09:29:30] Checking spr_talkingbubble.yy
[05-01-2026 09:29:30] Parsing C:/Users/silvi/GameMakerProjects/RoboBitch/sprites/spr_talkingbubble/spr_talkingbubble.yy
[05-01-2026 09:29:30] Reading C:/Users/silvi/GameMakerProjects/RoboBitch/sprites/spr_talkingbubble/spr_talkingbubble.yy
[05-01-2026 09:29:30] Par: "folders/Sprites" at dir: "C:/Users/silvi/GameMakerProjects/RoboBitch/sprites/spr_talkingbubble/spr_talkingbubble.yy"
[05-01-2026 09:29:30] Found Sprite: spr_TalkingBubble
[05-01-2026 09:29:30] Checking layers
[05-01-2026 09:29:30] Directory: C:/Users/silvi/GameMakerProjects/RoboBitch/sprites/spr_talkingbubble/layers
[05-01-2026 09:29:30] Checking 6508da7d-76cb-4bed-a1ad-ed5fb4e425a1.png
[05-01-2026 09:29:30] Current parent directory: C:/Users/silvi/GameMakerProjects/RoboBitch/sprites/spr_talkingbubble/layers
[05-01-2026 09:29:30] Checking 6508da7d-76cb-4bed-a1ad-ed5fb4e425a1
[05-01-2026 09:29:30] Directory: C:/Users/silvi/GameMakerProjects/RoboBitch/sprites/spr_talkingbubble/layers/6508da7d-76cb-4bed-a1ad-ed5fb4e425a1
[05-01-2026 09:29:30] Current parent directory: C:/Users/silvi/GameMakerProjects/RoboBitch/sprites/spr_talkingbubble/layers/6508da7d-76cb-4bed-a1ad-ed5fb4e425a1
[05-01-2026 09:29:30] Checking 1a649697-43ca-4bfa-b48e-fdf480d182ff.png
[05-01-2026 09:29:30] Current parent directory: C:/Users/silvi/GameMakerProjects/RoboBitch/sprites/spr_Tick
[05-01-2026 09:29:30] Checking spr_Tick.yy
[05-01-2026 09:29:30] Parsing C:/Users/silvi/GameMakerProjects/RoboBitch/sprites/spr_Tick/spr_Tick.yy
[05-01-2026 09:29:30] Reading C:/Users/silvi/GameMakerProjects/RoboBitch/sprites/spr_Tick/spr_Tick.yy
[05-01-2026 09:29:30] Par: "folders/Deprecated" at dir: "C:/Users/silvi/GameMakerProjects/RoboBitch/sprites/spr_Tick/spr_Tick.yy"
[05-01-2026 09:29:30] Found Sprite: DEPspr_Tick
[05-01-2026 09:29:30] Checking layers
[05-01-2026 09:29:30] Directory: C:/Users/silvi/GameMakerProjects/RoboBitch/sprites/spr_Tick/layers
[05-01-2026 09:29:30] Checking 3b45b2d3-e1ba-492b-b330-196ff4afb7c5.png
[05-01-2026 09:29:30] Current parent directory: C:/Users/silvi/GameMakerProjects/RoboBitch/sprites/spr_Tick/layers
[05-01-2026 09:29:30] Checking 3b45b2d3-e1ba-492b-b330-196ff4afb7c5
[05-01-2026 09:29:30] Directory: C:/Users/silvi/GameMakerProjects/RoboBitch/sprites/spr_Tick/layers/3b45b2d3-e1ba-492b-b330-196ff4afb7c5
[05-01-2026 09:29:30] Current parent directory: C:/Users/silvi/GameMakerProjects/RoboBitch/sprites/spr_Tick/layers/3b45b2d3-e1ba-492b-b330-196ff4afb7c5
[05-01-2026 09:29:30] Checking 28d0e1f8-4cd6-48d4-b770-1ec2c60777bb.png
[05-01-2026 09:29:30] Current parent directory: C:/Users/silvi/GameMakerProjects/RoboBitch/sprites/spr_TickFrame
[05-01-2026 09:29:30] Checking spr_TickFrame.yy
[05-01-2026 09:29:30] Parsing C:/Users/silvi/GameMakerProjects/RoboBitch/sprites/spr_TickFrame/spr_TickFrame.yy
[05-01-2026 09:29:30] Reading C:/Users/silvi/GameMakerProjects/RoboBitch/sprites/spr_TickFrame/spr_TickFrame.yy
[05-01-2026 09:29:30] Par: "folders/Sprites/UI" at dir: "C:/Users/silvi/GameMakerProjects/RoboBitch/sprites/spr_TickFrame/spr_TickFrame.yy"
[05-01-2026 09:29:30] Found Sprite: spr_TickFrame
[05-01-2026 09:29:30] Checking layers
[05-01-2026 09:29:30] Directory: C:/Users/silvi/GameMakerProjects/RoboBitch/sprites/spr_TickFrame/layers
[05-01-2026 09:29:30] Checking 8bf94b68-29b6-4891-b2fb-d19351f2f20e.png
[05-01-2026 09:29:30] Current parent directory: C:/Users/silvi/GameMakerProjects/RoboBitch/sprites/spr_TickFrame/layers
[05-01-2026 09:29:30] Checking 8bf94b68-29b6-4891-b2fb-d19351f2f20e
[05-01-2026 09:29:30] Directory: C:/Users/silvi/GameMakerProjects/RoboBitch/sprites/spr_TickFrame/layers/8bf94b68-29b6-4891-b2fb-d19351f2f20e
[05-01-2026 09:29:30] Current parent directory: C:/Users/silvi/GameMakerProjects/RoboBitch/sprites/spr_TickFrame/layers/8bf94b68-29b6-4891-b2fb-d19351f2f20e
[05-01-2026 09:29:30] Checking f58eab3d-e7ad-431d-8afe-f37dd2e1e01a.png
[05-01-2026 09:29:30] Current parent directory: C:/Users/silvi/GameMakerProjects/RoboBitch/sprites/spr_Unamused
[05-01-2026 09:29:30] Checking spr_Unamused.yy
[05-01-2026 09:29:30] Parsing C:/Users/silvi/GameMakerProjects/RoboBitch/sprites/spr_Unamused/spr_Unamused.yy
[05-01-2026 09:29:30] Reading C:/Users/silvi/GameMakerProjects/RoboBitch/sprites/spr_Unamused/spr_Unamused.yy
[05-01-2026 09:29:30] Par: "folders/Sprites/Player" at dir: "C:/Users/silvi/GameMakerProjects/RoboBitch/sprites/spr_Unamused/spr_Unamused.yy"
[05-01-2026 09:29:30] Found Sprite: spr_Unamused
[05-01-2026 09:29:30] Checking layers
[05-01-2026 09:29:30] Directory: C:/Users/silvi/GameMakerProjects/RoboBitch/sprites/spr_Unamused/layers
[05-01-2026 09:29:30] Checking 8c380fdc-acba-46ad-8550-9dc7ae7d7b22.png
[05-01-2026 09:29:30] Current parent directory: C:/Users/silvi/GameMakerProjects/RoboBitch/sprites/spr_Unamused/layers
[05-01-2026 09:29:30] Checking 8c380fdc-acba-46ad-8550-9dc7ae7d7b22
[05-01-2026 09:29:30] Directory: C:/Users/silvi/GameMakerProjects/RoboBitch/sprites/spr_Unamused/layers/8c380fdc-acba-46ad-8550-9dc7ae7d7b22
[05-01-2026 09:29:30] Current parent directory: C:/Users/silvi/GameMakerProjects/RoboBitch/sprites/spr_Unamused/layers/8c380fdc-acba-46ad-8550-9dc7ae7d7b22
[05-01-2026 09:29:30] Checking 1fd1ca88-edfe-47e1-85fd-3324fa2f7b7c.png
[05-01-2026 09:29:30] Current parent directory: C:/Users/silvi/GameMakerProjects/RoboBitch/sprites/spr_VerifyButton
[05-01-2026 09:29:30] Checking spr_VerifyButton.yy
[05-01-2026 09:29:30] Parsing C:/Users/silvi/GameMakerProjects/RoboBitch/sprites/spr_VerifyButton/spr_VerifyButton.yy
[05-01-2026 09:29:30] Reading C:/Users/silvi/GameMakerProjects/RoboBitch/sprites/spr_VerifyButton/spr_VerifyButton.yy
[05-01-2026 09:29:30] Par: "folders/Sprites/UI/Phone" at dir: "C:/Users/silvi/GameMakerProjects/RoboBitch/sprites/spr_VerifyButton/spr_VerifyButton.yy"
[05-01-2026 09:29:30] Found Sprite: spr_VerifyButton
[05-01-2026 09:29:30] Checking layers
[05-01-2026 09:29:30] Directory: C:/Users/silvi/GameMakerProjects/RoboBitch/sprites/spr_VerifyButton/layers
[05-01-2026 09:29:30] Checking 07dee5b9-b8ab-4b7d-bc75-644f9742f4e1.png
[05-01-2026 09:29:30] Current parent directory: C:/Users/silvi/GameMakerProjects/RoboBitch/sprites/spr_VerifyButton/layers
[05-01-2026 09:29:30] Checking 07dee5b9-b8ab-4b7d-bc75-644f9742f4e1
[05-01-2026 09:29:30] Directory: C:/Users/silvi/GameMakerProjects/RoboBitch/sprites/spr_VerifyButton/layers/07dee5b9-b8ab-4b7d-bc75-644f9742f4e1
[05-01-2026 09:29:30] Current parent directory: C:/Users/silvi/GameMakerProjects/RoboBitch/sprites/spr_VerifyButton/layers/07dee5b9-b8ab-4b7d-bc75-644f9742f4e1
[05-01-2026 09:29:30] Checking e14d0d14-62af-455e-b82c-1b2342f28b35.png
[05-01-2026 09:29:30] Current parent directory: C:/Users/silvi/GameMakerProjects/RoboBitch/sprites/spr_XButton
[05-01-2026 09:29:30] Checking spr_XButton.yy
[05-01-2026 09:29:30] Parsing C:/Users/silvi/GameMakerProjects/RoboBitch/sprites/spr_XButton/spr_XButton.yy
[05-01-2026 09:29:30] Reading C:/Users/silvi/GameMakerProjects/RoboBitch/sprites/spr_XButton/spr_XButton.yy
[05-01-2026 09:29:30] Par: "folders/Sprites/UI" at dir: "C:/Users/silvi/GameMakerProjects/RoboBitch/sprites/spr_XButton/spr_XButton.yy"
[05-01-2026 09:29:30] Found Sprite: spr_XButton
[05-01-2026 09:29:30] Checking layers
[05-01-2026 09:29:30] Directory: C:/Users/silvi/GameMakerProjects/RoboBitch/sprites/spr_XButton/layers
[05-01-2026 09:29:30] Checking 1b8f2c32-82c6-414a-87f6-764d02ced67f.png
[05-01-2026 09:29:30] Current parent directory: C:/Users/silvi/GameMakerProjects/RoboBitch/sprites/spr_XButton/layers
[05-01-2026 09:29:30] Checking 1b8f2c32-82c6-414a-87f6-764d02ced67f
[05-01-2026 09:29:30] Directory: C:/Users/silvi/GameMakerProjects/RoboBitch/sprites/spr_XButton/layers/1b8f2c32-82c6-414a-87f6-764d02ced67f
[05-01-2026 09:29:30] Current parent directory: C:/Users/silvi/GameMakerProjects/RoboBitch/sprites/spr_XButton/layers/1b8f2c32-82c6-414a-87f6-764d02ced67f
[05-01-2026 09:29:30] Checking 6b870eaf-d71e-452c-914e-461ec0c3dd28.png
[05-01-2026 09:29:30] Current parent directory: C:/Users/silvi/GameMakerProjects/RoboBitch/tilesets
[05-01-2026 09:29:30] Current parent directory: C:/Users/silvi/GameMakerProjects/RoboBitch/timelines
[05-01-2026 09:29:30] Moving files to trash...
[05-01-2026 09:29:30] Files yeeted successfully!
[05-01-2026 09:29:30] Generating YYP...
[05-01-2026 09:29:30] RoboBitch.yyp created successfully!
